chr_from	position_from	chr_to	position_to	contact	color
chr1	282766	chr6	4535370	HIGH	#FF634733
chr1	377596	chr6	7669676	HIGH	#FF634733
chr1	688362	chr13	10659224	LOW	#7F7F7F33
chr1	742515	chr19	11947169	LOW	#7F7F7F33
chr1	1072317	chr2	4824047	HIGH	#FF634733
chr1	1563303	chr6	19921282	HIGH	#FF634733
chr1	1563406	chr2	7031819	HIGH	#FF634733
chr1	1667853	chr2	14999141	HIGH	#FF634733
chr1	2282402	chr2	12822819	HIGH	#FF634733
chr1	2295471	chr2	15989690	HIGH	#FF634733
chr1	2483284	chr2	2616194	HIGH	#FF634733
chr1	2517809	chr4	635701	LOW	#7F7F7F33
chr1	2591144	chr2	2053087	LOW	#7F7F7F33
chr1	2655112	chr6	19156652	HIGH	#FF634733
chr1	2665736	chr6	7688431	HIGH	#FF634733
chr1	2958871	chr6	8735423	HIGH	#FF634733
chr1	3071932	chr2	16609101	HIGH	#FF634733
chr1	3194595	chr2	9139151	HIGH	#FF634733
chr1	3206406	chr6	11902997	HIGH	#FF634733
chr1	3363527	chr6	9828444	HIGH	#FF634733
chr1	3364065	chr2	19391912	HIGH	#FF634733
chr1	4367016	chr2	280477	HIGH	#FF634733
chr1	4793909	chr2	18550393	HIGH	#FF634733
chr1	4806558	chr11	13702015	LOW	#7F7F7F33
chr1	4831318	chr2	19820394	HIGH	#FF634733
chr1	5182083	chr6	17789548	HIGH	#FF634733
chr1	5235388	chr17	1245166	LOW	#7F7F7F33
chr1	5327308	chr2	5067568	HIGH	#FF634733
chr1	5832142	chr2	1246186	HIGH	#FF634733
chr1	6080781	chr2	16125765	HIGH	#FF634733
chr1	6172566	chr6	11107347	HIGH	#FF634733
chr1	6181424	chr6	16014325	LOW	#7F7F7F33
chr1	6209326	chr2	5619060	HIGH	#FF634733
chr1	6272686	chr2	18734595	HIGH	#FF634733
chr1	6291036	chr6	482139	HIGH	#FF634733
chr1	7012800	chr2	7113670	HIGH	#FF634733
chr1	7478794	chr6	7626904	HIGH	#FF634733
chr1	7498658	chr6	13422519	HIGH	#FF634733
chr1	7793298	chr2	8080607	HIGH	#FF634733
chr1	7918833	chr6	17155176	HIGH	#FF634733
chr1	7929507	chr2	5055590	HIGH	#FF634733
chr1	8078396	chr17	3757181	LOW	#7F7F7F33
chr1	8199429	chr12	12483305	LOW	#7F7F7F33
chr1	8291020	chr6	967379	LOW	#7F7F7F33
chr1	8361392	chr6	10305700	HIGH	#FF634733
chr1	8555041	chr2	11565211	HIGH	#FF634733
chr1	8838622	chr2	12457972	HIGH	#FF634733
chr1	8992482	chr2	15980913	HIGH	#FF634733
chr1	9103094	chr6	14140221	HIGH	#FF634733
chr1	9322107	chr2	15551717	HIGH	#FF634733
chr1	9453021	chr6	8745155	HIGH	#FF634733
chr1	9538826	chr2	4988542	HIGH	#FF634733
chr1	9540706	chr14	15520672	LOW	#7F7F7F33
chr1	9647992	chr2	18078889	HIGH	#FF634733
chr1	9873434	chr6	1935796	HIGH	#FF634733
chr1	9962989	chr2	15449672	HIGH	#FF634733
chr1	9997734	chr6	778387	HIGH	#FF634733
chr1	10028474	chr16	17295101	LOW	#7F7F7F33
chr1	10164000	chr6	13678875	HIGH	#FF634733
chr1	10279885	chr6	5757154	HIGH	#FF634733
chr1	10315755	chr19	2649664	LOW	#7F7F7F33
chr1	10510757	chr2	8534112	HIGH	#FF634733
chr1	10599502	chr2	11858261	HIGH	#FF634733
chr1	10683701	chr11	9674708	LOW	#7F7F7F33
chr1	10687464	chr4	19508751	LOW	#7F7F7F33
chr1	10911638	chr2	12400023	HIGH	#FF634733
chr1	11074943	chr17	1866154	LOW	#7F7F7F33
chr1	11390558	chr2	18527051	HIGH	#FF634733
chr1	11401782	chr6	1967819	HIGH	#FF634733
chr1	11767006	chr6	5271834	HIGH	#FF634733
chr1	11783461	chr6	8158873	HIGH	#FF634733
chr1	11785928	chr2	18751151	HIGH	#FF634733
chr1	11802128	chr2	14602725	HIGH	#FF634733
chr1	12026539	chr2	9052741	HIGH	#FF634733
chr1	12116415	chr10	18324929	LOW	#7F7F7F33
chr1	12172247	chr2	7627721	HIGH	#FF634733
chr1	12459682	chr2	15996659	HIGH	#FF634733
chr1	12470309	chr2	15468725	HIGH	#FF634733
chr1	12489047	chr6	13227700	HIGH	#FF634733
chr1	12950493	chr6	15133277	HIGH	#FF634733
chr1	13155834	chr2	19028996	HIGH	#FF634733
chr1	13257921	chr21	3454846	LOW	#7F7F7F33
chr1	13333436	chr2	4369171	HIGH	#FF634733
chr1	13396643	chr6	9553627	HIGH	#FF634733
chr1	13628491	chr2	17254139	HIGH	#FF634733
chr1	13767899	chr6	4893089	HIGH	#FF634733
chr1	13787070	chr6	5934397	HIGH	#FF634733
chr1	13992546	chr19	7684339	LOW	#7F7F7F33
chr1	14443486	chr6	18856944	HIGH	#FF634733
chr1	14678894	chr20	19981089	LOW	#7F7F7F33
chr1	14731671	chr2	15452708	HIGH	#FF634733
chr1	14900023	chr2	3875857	HIGH	#FF634733
chr1	14994504	chr6	1888471	HIGH	#FF634733
chr1	15592488	chr9	9624466	LOW	#7F7F7F33
chr1	15612236	chr2	5665252	HIGH	#FF634733
chr1	15839043	chr2	16390359	HIGH	#FF634733
chr1	15851372	chr2	4103205	HIGH	#FF634733
chr1	15852298	chr2	2534429	HIGH	#FF634733
chr1	15861344	chr6	14169801	HIGH	#FF634733
chr1	15964166	chr6	17049722	HIGH	#FF634733
chr1	16090552	chr2	18184444	HIGH	#FF634733
chr1	16438475	chr2	16544995	HIGH	#FF634733
chr1	16606320	chr6	3992097	HIGH	#FF634733
chr1	16715144	chr2	12475920	HIGH	#FF634733
chr1	16715815	chr6	6147496	HIGH	#FF634733
chr1	17029668	chr14	11959854	LOW	#7F7F7F33
chr1	17567694	chr2	19594832	HIGH	#FF634733
chr1	17591372	chr2	17008930	HIGH	#FF634733
chr1	17654306	chr1	2651358	LOW	#7F7F7F33
chr1	17697340	chr6	7371421	HIGH	#FF634733
chr1	17747886	chr2	17319605	HIGH	#FF634733
chr1	18013461	chr6	10216773	HIGH	#FF634733
chr1	18028283	chr6	955703	HIGH	#FF634733
chr1	18249168	chr8	15850958	LOW	#7F7F7F33
chr1	18293306	chr20	14813746	LOW	#7F7F7F33
chr1	18719955	chr2	2412387	HIGH	#FF634733
chr1	19018511	chr14	4638559	LOW	#7F7F7F33
chr1	19047966	chr6	2029099	HIGH	#FF634733
chr1	19179530	chr22	7884564	LOW	#7F7F7F33
chr1	19360149	chr2	1579898	HIGH	#FF634733
chr1	19518128	chr4	17635907	LOW	#7F7F7F33
chr1	19539315	chr6	4669904	HIGH	#FF634733
chr1	19831116	chr2	1134166	HIGH	#FF634733
chr1	19857080	chr2	12282539	HIGH	#FF634733
chr1	19984263	chr6	10988091	HIGH	#FF634733
chr2	258083	chr1	7000081	HIGH	#FF634733
chr2	267320	chr1	19455711	HIGH	#FF634733
chr2	747832	chr6	2904507	HIGH	#FF634733
chr2	1082813	chr1	12155360	HIGH	#FF634733
chr2	1131446	chr6	4748416	HIGH	#FF634733
chr2	1166789	chr6	421610	HIGH	#FF634733
chr2	1428387	chr14	1217253	LOW	#7F7F7F33
chr2	1838859	chr1	2644522	HIGH	#FF634733
chr2	1848340	chr1	12621066	HIGH	#FF634733
chr2	1881464	chr6	17629415	HIGH	#FF634733
chr2	2105496	chr1	16678008	HIGH	#FF634733
chr2	2112306	chr1	6251472	HIGH	#FF634733
chr2	2296887	chr1	18555526	HIGH	#FF634733
chr2	2329233	chr6	10291115	HIGH	#FF634733
chr2	2781978	chr10	564327	LOW	#7F7F7F33
chr2	3271548	chr1	10764480	HIGH	#FF634733
chr2	3509931	chr6	4839240	HIGH	#FF634733
chr2	3621482	chr6	4746908	HIGH	#FF634733
chr2	3846458	chr3	9600167	LOW	#7F7F7F33
chr2	3865157	chr1	3664479	HIGH	#FF634733
chr2	3927643	chr6	19209384	HIGH	#FF634733
chr2	3974566	chr6	1961104	HIGH	#FF634733
chr2	4113764	chr6	8265951	HIGH	#FF634733
chr2	4415969	chr15	10963371	LOW	#7F7F7F33
chr2	4511069	chr1	6573604	HIGH	#FF634733
chr2	4581064	chr20	15135284	LOW	#7F7F7F33
chr2	4777999	chr6	16215665	LOW	#7F7F7F33
chr2	4854776	chr11	10112095	LOW	#7F7F7F33
chr2	5034899	chr12	11312136	LOW	#7F7F7F33
chr2	5176831	chr1	7512947	HIGH	#FF634733
chr2	5264085	chr1	5077960	HIGH	#FF634733
chr2	5305399	chr1	12691065	HIGH	#FF634733
chr2	5423025	chr6	7541519	HIGH	#FF634733
chr2	5672629	chr1	2326518	HIGH	#FF634733
chr2	5686801	chr1	11704995	HIGH	#FF634733
chr2	5848186	chr6	19583256	HIGH	#FF634733
chr2	6135802	chr6	5024315	HIGH	#FF634733
chr2	6143781	chr8	11068067	LOW	#7F7F7F33
chr2	6486390	chr1	8819039	HIGH	#FF634733
chr2	6697917	chr6	11528991	HIGH	#FF634733
chr2	6743284	chr1	10141849	HIGH	#FF634733
chr2	6877977	chr1	15443875	HIGH	#FF634733
chr2	7185723	chr6	4381397	HIGH	#FF634733
chr2	7307455	chr1	9356861	HIGH	#FF634733
chr2	7442627	chr6	4777728	HIGH	#FF634733
chr2	7486523	chr6	18996011	HIGH	#FF634733
chr2	7506670	chr1	6825583	HIGH	#FF634733
chr2	7801544	chr6	4905602	HIGH	#FF634733
chr2	8050950	chr6	17545204	HIGH	#FF634733
chr2	8381295	chr6	17113714	HIGH	#FF634733
chr2	8464261	chr15	388728	LOW	#7F7F7F33
chr2	8464592	chr1	263192	HIGH	#FF634733
chr2	8696639	chr6	3075375	HIGH	#FF634733
chr2	9553900	chr1	15825995	LOW	#7F7F7F33
chr2	9695986	chr16	2211239	LOW	#7F7F7F33
chr2	9926161	chr6	8013500	HIGH	#FF634733
chr2	10063489	chr1	13079422	HIGH	#FF634733
chr2	10110161	chr6	17887593	HIGH	#FF634733
chr2	10127947	chr6	11631143	HIGH	#FF634733
chr2	10409299	chr1	14593806	HIGH	#FF634733
chr2	10598800	chr12	207242	LOW	#7F7F7F33
chr2	10789230	chr1	2459879	HIGH	#FF634733
chr2	11010446	chr1	14243805	HIGH	#FF634733
chr2	11057392	chr6	15585556	HIGH	#FF634733
chr2	11095320	chr1	15211513	HIGH	#FF634733
chr2	11142007	chr1	2831532	HIGH	#FF634733
chr2	11203256	chr1	5645187	HIGH	#FF634733
chr2	11427938	chr1	454684	LOW	#7F7F7F33
chr2	11575397	chr15	11181884	LOW	#7F7F7F33
chr2	11768086	chr1	17278007	HIGH	#FF634733
chr2	12024993	chr6	10415788	HIGH	#FF634733
chr2	12207137	chr1	10298508	HIGH	#FF634733
chr2	12318934	chr6	18657086	LOW	#7F7F7F33
chr2	12322210	chr6	19501720	HIGH	#FF634733
chr2	12849981	chr6	4798620	HIGH	#FF634733
chr2	13171043	chr1	11204552	HIGH	#FF634733
chr2	13431564	chr6	795455	HIGH	#FF634733
chr2	13453436	chr6	8506723	HIGH	#FF634733
chr2	13802803	chr14	12950544	LOW	#7F7F7F33
chr2	14133502	chr1	12887564	HIGH	#FF634733
chr2	14168829	chr6	10035897	HIGH	#FF634733
chr2	14239516	chr1	16550639	HIGH	#FF634733
chr2	14352766	chr13	13143517	LOW	#7F7F7F33
chr2	14367595	chr14	11864639	LOW	#7F7F7F33
chr2	14413405	chr6	6471425	HIGH	#FF634733
chr2	14551743	chr6	6709427	HIGH	#FF634733
chr2	14631902	chr22	14036762	LOW	#7F7F7F33
chr2	14636040	chr6	6477175	HIGH	#FF634733
chr2	14923652	chr22	4232739	LOW	#7F7F7F33
chr2	15005282	chr1	17052079	HIGH	#FF634733
chr2	15013461	chr6	14653197	HIGH	#FF634733
chr2	15018227	chr22	8542737	LOW	#7F7F7F33
chr2	15079617	chr3	5058226	LOW	#7F7F7F33
chr2	15338663	chr6	10572955	HIGH	#FF634733
chr2	15508449	chr1	9358689	HIGH	#FF634733
chr2	15561938	chr6	19334837	HIGH	#FF634733
chr2	15591694	chr12	15084400	LOW	#7F7F7F33
chr2	16118753	chr6	2585820	HIGH	#FF634733
chr2	16205929	chr1	11374867	HIGH	#FF634733
chr2	16428470	chr17	12025542	LOW	#7F7F7F33
chr2	16480329	chr6	2040917	HIGH	#FF634733
chr2	16552755	chr15	7921400	LOW	#7F7F7F33
chr2	16686129	chr1	15328632	HIGH	#FF634733
chr2	17013324	chr6	19631987	HIGH	#FF634733
chr2	17030250	chr1	14453559	HIGH	#FF634733
chr2	17467023	chr1	6298441	HIGH	#FF634733
chr2	17474830	chr6	19240015	HIGH	#FF634733
chr2	17501959	chr21	13482446	LOW	#7F7F7F33
chr2	17716033	chr1	7044907	HIGH	#FF634733
chr2	17737393	chr6	11663004	HIGH	#FF634733
chr2	18077774	chr1	5578091	HIGH	#FF634733
chr2	18390927	chr6	6626396	HIGH	#FF634733
chr2	18938253	chr13	13407770	LOW	#7F7F7F33
chr2	19568081	chr2	4784872	LOW	#7F7F7F33
chr2	19664906	chr6	6641066	HIGH	#FF634733
chr2	19778825	chr6	865288	HIGH	#FF634733
chr2	19826383	chr1	7037131	HIGH	#FF634733
chr2	19917332	chr6	5205998	HIGH	#FF634733
chr3	236888	chr18	7670000	LOW	#7F7F7F33
chr3	574785	chr3	3351842	LOW	#7F7F7F33
chr3	2963941	chr5	9150276	LOW	#7F7F7F33
chr3	3132604	chr18	16144704	LOW	#7F7F7F33
chr3	3558293	chr11	11404415	LOW	#7F7F7F33
chr3	3615591	chr17	13266999	LOW	#7F7F7F33
chr3	3818687	chr16	2239711	LOW	#7F7F7F33
chr3	5023248	chr21	13696259	LOW	#7F7F7F33
chr3	5035273	chr3	3986045	LOW	#7F7F7F33
chr3	5231690	chr7	3287082	LOW	#7F7F7F33
chr3	6222115	chr8	9581976	LOW	#7F7F7F33
chr3	8056054	chr4	1036588	LOW	#7F7F7F33
chr3	8475554	chr15	13726271	LOW	#7F7F7F33
chr3	9898327	chr15	645127	LOW	#7F7F7F33
chr3	10358636	chr5	15698294	LOW	#7F7F7F33
chr3	13435581	chr8	11134551	LOW	#7F7F7F33
chr3	15131062	chr14	18635432	LOW	#7F7F7F33
chr3	15234259	chr4	18880719	LOW	#7F7F7F33
chr3	15398125	chr10	18309023	LOW	#7F7F7F33
chr3	16214758	chr9	19832065	LOW	#7F7F7F33
chr3	17096885	chr13	13580953	LOW	#7F7F7F33
chr3	17745144	chr7	14042822	LOW	#7F7F7F33
chr3	18138971	chr4	2838689	LOW	#7F7F7F33
chr3	18177836	chr4	2915097	LOW	#7F7F7F33
chr3	18451569	chr12	13682484	LOW	#7F7F7F33
chr3	18870647	chr5	11046815	LOW	#7F7F7F33
chr3	19061238	chr10	5075489	LOW	#7F7F7F33
chr3	19457025	chr3	15821489	LOW	#7F7F7F33
chr4	54381	chr10	7216344	LOW	#7F7F7F33
chr4	323479	chr18	1924970	LOW	#7F7F7F33
chr4	480725	chr21	15176834	LOW	#7F7F7F33
chr4	1069835	chr12	3177664	LOW	#7F7F7F33
chr4	1597268	chr16	6332293	LOW	#7F7F7F33
chr4	2146420	chr19	1349548	LOW	#7F7F7F33
chr4	3059463	chr13	17279773	LOW	#7F7F7F33
chr4	4555969	chr6	2595289	LOW	#7F7F7F33
chr4	5246767	chr17	7376446	LOW	#7F7F7F33
chr4	5553294	chr16	18772380	LOW	#7F7F7F33
chr4	5644642	chr15	12414254	LOW	#7F7F7F33
chr4	5864963	chr13	9492580	LOW	#7F7F7F33
chr4	7215911	chr19	9678114	LOW	#7F7F7F33
chr4	7540574	chr18	2089661	LOW	#7F7F7F33
chr4	7777608	chr15	1317798	LOW	#7F7F7F33
chr4	8299745	chr15	6996190	LOW	#7F7F7F33
chr4	8412614	chr15	10811669	LOW	#7F7F7F33
chr4	8612009	chr6	4146466	LOW	#7F7F7F33
chr4	9048066	chr1	9402055	LOW	#7F7F7F33
chr4	10079412	chr13	11865833	LOW	#7F7F7F33
chr4	10279751	chr14	7167969	LOW	#7F7F7F33
chr4	10970770	chr15	10807546	LOW	#7F7F7F33
chr4	11196288	chr18	8722721	LOW	#7F7F7F33
chr4	11372125	chr1	5404964	LOW	#7F7F7F33
chr4	11517471	chr18	6322645	LOW	#7F7F7F33
chr4	11837713	chr20	19631967	LOW	#7F7F7F33
chr4	12314194	chr13	1491995	LOW	#7F7F7F33
chr4	12603698	chr7	15144424	LOW	#7F7F7F33
chr4	13666792	chr14	16778163	LOW	#7F7F7F33
chr4	14245016	chr15	10853706	LOW	#7F7F7F33
chr4	15751812	chr5	11769433	LOW	#7F7F7F33
chr4	17176505	chr17	15510680	LOW	#7F7F7F33
chr4	17354782	chr11	13179758	LOW	#7F7F7F33
chr4	18223010	chr2	10781455	LOW	#7F7F7F33
chr4	18706546	chr14	6945019	LOW	#7F7F7F33
chr4	18998297	chr19	3445437	LOW	#7F7F7F33
chr5	213856	chr12	4184939	LOW	#7F7F7F33
chr5	457230	chr5	10404447	LOW	#7F7F7F33
chr5	1285989	chr21	7437925	LOW	#7F7F7F33
chr5	2188594	chr12	2476713	LOW	#7F7F7F33
chr5	2833840	chr21	1327596	LOW	#7F7F7F33
chr5	3730439	chr3	506004	LOW	#7F7F7F33
chr5	4287760	chr16	7875452	LOW	#7F7F7F33
chr5	5104532	chr20	8539051	LOW	#7F7F7F33
chr5	5480139	chr13	17126295	LOW	#7F7F7F33
chr5	6739073	chr21	141840	LOW	#7F7F7F33
chr5	6881388	chr3	289407	LOW	#7F7F7F33
chr5	9308581	chr9	470352	LOW	#7F7F7F33
chr5	9670248	chr16	1454991	LOW	#7F7F7F33
chr5	9953776	chr12	5595157	LOW	#7F7F7F33
chr5	10010190	chr4	18663507	LOW	#7F7F7F33
chr5	10449473	chr19	11339260	LOW	#7F7F7F33
chr5	11814934	chr20	9952571	LOW	#7F7F7F33
chr5	11822524	chr8	208960	LOW	#7F7F7F33
chr5	13492662	chr15	192168	LOW	#7F7F7F33
chr5	13542462	chr5	12126415	LOW	#7F7F7F33
chr5	14579185	chr10	9558387	LOW	#7F7F7F33
chr5	14932028	chr22	13703994	LOW	#7F7F7F33
chr5	14947216	chr7	6962165	LOW	#7F7F7F33
chr5	17461554	chr10	15316655	LOW	#7F7F7F33
chr5	18015653	chr8	12091248	LOW	#7F7F7F33
chr5	19910983	chr7	19907340	LOW	#7F7F7F33
chr6	24496	chr1	16771702	HIGH	#FF634733
chr6	169177	chr1	19367697	HIGH	#FF634733
chr6	283093	chr2	18596966	HIGH	#FF634733
chr6	560799	chr1	13827506	HIGH	#FF634733
chr6	684083	chr1	7605878	HIGH	#FF634733
chr6	859699	chr2	7153336	HIGH	#FF634733
chr6	1085255	chr2	7042085	HIGH	#FF634733
chr6	1095306	chr2	2661753	HIGH	#FF634733
chr6	1186827	chr2	12999313	HIGH	#FF634733
chr6	1823140	chr2	16165636	HIGH	#FF634733
chr6	1832947	chr2	11969683	HIGH	#FF634733
chr6	1949502	chr2	5153166	HIGH	#FF634733
chr6	2293303	chr1	14270088	HIGH	#FF634733
chr6	2575508	chr1	12246378	HIGH	#FF634733
chr6	2734613	chr1	9548699	LOW	#7F7F7F33
chr6	2748516	chr2	13301250	HIGH	#FF634733
chr6	3094287	chr2	1966884	HIGH	#FF634733
chr6	3708286	chr1	6796636	HIGH	#FF634733
chr6	3754067	chr2	36918	HIGH	#FF634733
chr6	3782056	chr2	16540597	HIGH	#FF634733
chr6	3825115	chr6	3565782	LOW	#7F7F7F33
chr6	4147731	chr2	18429393	HIGH	#FF634733
chr6	4179272	chr2	306114	HIGH	#FF634733
chr6	4369006	chr2	9031138	HIGH	#FF634733
chr6	4559658	chr1	17947896	HIGH	#FF634733
chr6	4631918	chr1	18119827	HIGH	#FF634733
chr6	4675710	chr1	18582369	HIGH	#FF634733
chr6	4771083	chr2	3284837	HIGH	#FF634733
chr6	4819226	chr1	5247362	HIGH	#FF634733
chr6	4963964	chr21	17880727	LOW	#7F7F7F33
chr6	5342587	chr10	18315698	LOW	#7F7F7F33
chr6	5367626	chr5	904111	LOW	#7F7F7F33
chr6	5389145	chr1	15494984	HIGH	#FF634733
chr6	5686906	chr1	847240	HIGH	#FF634733
chr6	5768484	chr2	19713853	HIGH	#FF634733
chr6	5838101	chr2	2406162	HIGH	#FF634733
chr6	5904278	chr1	826485	HIGH	#FF634733
chr6	5963954	chr1	10345604	LOW	#7F7F7F33
chr6	6030260	chr19	6335931	LOW	#7F7F7F33
chr6	6096908	chr1	16256150	HIGH	#FF634733
chr6	6125695	chr2	8849404	HIGH	#FF634733
chr6	6211835	chr1	5286641	HIGH	#FF634733
chr6	6531417	chr7	7922799	LOW	#7F7F7F33
chr6	7013668	chr1	4185775	HIGH	#FF634733
chr6	7506255	chr2	7541681	HIGH	#FF634733
chr6	7566916	chr2	11485454	HIGH	#FF634733
chr6	8428764	chr1	17145493	HIGH	#FF634733
chr6	8544133	chr17	15852699	LOW	#7F7F7F33
chr6	8608772	chr1	11241312	HIGH	#FF634733
chr6	8631475	chr2	6093131	HIGH	#FF634733
chr6	8769960	chr2	19457751	HIGH	#FF634733
chr6	8913059	chr2	1914034	HIGH	#FF634733
chr6	8977717	chr2	9335332	HIGH	#FF634733
chr6	9224454	chr4	13598520	LOW	#7F7F7F33
chr6	9433545	chr2	2320221	HIGH	#FF634733
chr6	9640875	chr22	15961235	LOW	#7F7F7F33
chr6	9947645	chr20	5967640	LOW	#7F7F7F33
chr6	9963796	chr2	16417787	LOW	#7F7F7F33
chr6	10030996	chr2	18572004	HIGH	#FF634733
chr6	10114014	chr1	14222309	HIGH	#FF634733
chr6	10287943	chr2	5410983	HIGH	#FF634733
chr6	10310845	chr1	17415695	HIGH	#FF634733
chr6	10311836	chr2	5994927	HIGH	#FF634733
chr6	10316397	chr2	3149314	HIGH	#FF634733
chr6	10661154	chr1	15839092	HIGH	#FF634733
chr6	10905020	chr9	7790748	LOW	#7F7F7F33
chr6	11112628	chr21	2794639	LOW	#7F7F7F33
chr6	11170451	chr1	17554033	HIGH	#FF634733
chr6	12066382	chr14	7240967	LOW	#7F7F7F33
chr6	12067017	chr1	17579936	HIGH	#FF634733
chr6	12156467	chr4	1953162	LOW	#7F7F7F33
chr6	12248134	chr9	2504971	LOW	#7F7F7F33
chr6	12279071	chr2	12590675	HIGH	#FF634733
chr6	12835497	chr1	3805338	HIGH	#FF634733
chr6	12875437	chr1	1203980	HIGH	#FF634733
chr6	12876235	chr1	6391694	HIGH	#FF634733
chr6	12959906	chr8	11317760	LOW	#7F7F7F33
chr6	12998056	chr1	16971328	HIGH	#FF634733
chr6	13290540	chr1	17112849	LOW	#7F7F7F33
chr6	13441762	chr22	9509925	LOW	#7F7F7F33
chr6	13586541	chr15	807945	LOW	#7F7F7F33
chr6	14198207	chr2	3385495	HIGH	#FF634733
chr6	14224321	chr1	12847236	HIGH	#FF634733
chr6	14274020	chr2	13590455	HIGH	#FF634733
chr6	14443657	chr2	11791178	HIGH	#FF634733
chr6	14666513	chr1	16437621	HIGH	#FF634733
chr6	14891053	chr1	3947279	HIGH	#FF634733
chr6	14948298	chr1	12525078	HIGH	#FF634733
chr6	14997100	chr18	3251382	LOW	#7F7F7F33
chr6	14997549	chr1	10702235	HIGH	#FF634733
chr6	15057732	chr2	13178865	HIGH	#FF634733
chr6	15074962	chr4	15621552	LOW	#7F7F7F33
chr6	15148366	chr1	8796683	HIGH	#FF634733
chr6	15194677	chr2	16404420	HIGH	#FF634733
chr6	15570668	chr2	13846453	HIGH	#FF634733
chr6	15584171	chr1	19408512	HIGH	#FF634733
chr6	15691058	chr2	12270218	HIGH	#FF634733
chr6	15763076	chr1	4715191	LOW	#7F7F7F33
chr6	16457071	chr11	15083376	LOW	#7F7F7F33
chr6	16566675	chr2	4951521	HIGH	#FF634733
chr6	16674558	chr1	12341883	LOW	#7F7F7F33
chr6	16888977	chr2	12402838	HIGH	#FF634733
chr6	17041949	chr1	263118	HIGH	#FF634733
chr6	17157738	chr9	10833764	LOW	#7F7F7F33
chr6	17368745	chr2	19317856	HIGH	#FF634733
chr6	17412620	chr2	10803407	HIGH	#FF634733
chr6	17591757	chr1	6749103	LOW	#7F7F7F33
chr6	17612160	chr15	1084477	LOW	#7F7F7F33
chr6	17731726	chr18	11477597	LOW	#7F7F7F33
chr6	17731791	chr1	16967539	HIGH	#FF634733
chr6	17908147	chr2	15201808	HIGH	#FF634733
chr6	17920660	chr1	15583387	HIGH	#FF634733
chr6	18181349	chr14	1748936	LOW	#7F7F7F33
chr6	18334153	chr18	14910595	LOW	#7F7F7F33
chr6	18934608	chr1	2861671	HIGH	#FF634733
chr6	18988319	chr1	49419	HIGH	#FF634733
chr6	19061864	chr1	6194584	HIGH	#FF634733
chr6	19319713	chr2	2432125	HIGH	#FF634733
chr6	19627318	chr2	11129141	HIGH	#FF634733
chr6	19681928	chr2	13574179	HIGH	#FF634733
chr7	283473	chr7	19121367	LOW	#7F7F7F33
chr7	1283569	chr10	12212929	LOW	#7F7F7F33
chr7	2075087	chr4	10500092	LOW	#7F7F7F33
chr7	2985581	chr1	1927399	LOW	#7F7F7F33
chr7	4418240	chr16	1324020	LOW	#7F7F7F33
chr7	5167321	chr9	15364039	LOW	#7F7F7F33
chr7	5404928	chr15	17031339	LOW	#7F7F7F33
chr7	6429862	chr14	15166150	LOW	#7F7F7F33
chr7	8098118	chr15	9050415	LOW	#7F7F7F33
chr7	8138482	chr22	12183011	LOW	#7F7F7F33
chr7	10747415	chr15	4385094	LOW	#7F7F7F33
chr7	11258175	chr10	5760679	LOW	#7F7F7F33
chr7	11380261	chr4	3607365	LOW	#7F7F7F33
chr7	12271572	chr8	18411135	LOW	#7F7F7F33
chr7	12389914	chr8	5122087	LOW	#7F7F7F33
chr7	13233392	chr11	3372616	LOW	#7F7F7F33
chr7	16643274	chr5	84315	LOW	#7F7F7F33
chr7	17658619	chr11	18543010	LOW	#7F7F7F33
chr7	19677656	chr8	8376757	LOW	#7F7F7F33
chr7	19723594	chr12	15022359	LOW	#7F7F7F33
chr8	636722	chr10	6799668	LOW	#7F7F7F33
chr8	1299922	chr10	6252295	LOW	#7F7F7F33
chr8	1844081	chr8	2044986	LOW	#7F7F7F33
chr8	1852626	chr14	1526434	LOW	#7F7F7F33
chr8	1881760	chr10	14419027	LOW	#7F7F7F33
chr8	2839693	chr2	2757541	LOW	#7F7F7F33
chr8	3029507	chr2	4381270	LOW	#7F7F7F33
chr8	3214710	chr7	6354323	LOW	#7F7F7F33
chr8	3311152	chr2	5497550	LOW	#7F7F7F33
chr8	3327586	chr1	12903388	LOW	#7F7F7F33
chr8	3870352	chr17	12625132	LOW	#7F7F7F33
chr8	3922585	chr6	13196811	LOW	#7F7F7F33
chr8	3998062	chr7	14432565	LOW	#7F7F7F33
chr8	5897177	chr10	1170423	LOW	#7F7F7F33
chr8	6377162	chr18	19439215	LOW	#7F7F7F33
chr8	6831943	chr6	7846361	LOW	#7F7F7F33
chr8	7140173	chr13	12626717	LOW	#7F7F7F33
chr8	11299084	chr15	5195693	LOW	#7F7F7F33
chr8	13151419	chr7	3111847	LOW	#7F7F7F33
chr8	13650837	chr19	13417691	LOW	#7F7F7F33
chr8	14400528	chr9	4641343	LOW	#7F7F7F33
chr8	14436846	chr19	6809709	LOW	#7F7F7F33
chr8	15526169	chr5	14615332	LOW	#7F7F7F33
chr8	15943031	chr12	9559836	LOW	#7F7F7F33
chr8	16332067	chr17	8138066	LOW	#7F7F7F33
chr8	17847777	chr2	7390347	LOW	#7F7F7F33
chr8	18430414	chr4	1383828	LOW	#7F7F7F33
chr8	19055490	chr3	15607536	LOW	#7F7F7F33
chr9	834881	chr3	6778067	LOW	#7F7F7F33
chr9	2100170	chr21	1247210	LOW	#7F7F7F33
chr9	2445216	chr17	14970335	LOW	#7F7F7F33
chr9	2651160	chr7	9596878	LOW	#7F7F7F33
chr9	3219146	chr4	8345191	LOW	#7F7F7F33
chr9	5003320	chr2	1216318	LOW	#7F7F7F33
chr9	5252422	chr21	5414669	LOW	#7F7F7F33
chr9	6042241	chr15	4495736	LOW	#7F7F7F33
chr9	6550625	chr15	2923868	LOW	#7F7F7F33
chr9	6880605	chr18	2637787	LOW	#7F7F7F33
chr9	7288514	chr11	16189121	LOW	#7F7F7F33
chr9	7362642	chr5	5622937	LOW	#7F7F7F33
chr9	8088523	chr3	12617434	LOW	#7F7F7F33
chr9	8150922	chr16	593580	LOW	#7F7F7F33
chr9	9021523	chr16	2271240	LOW	#7F7F7F33
chr9	11805003	chr21	4249745	LOW	#7F7F7F33
chr9	12052617	chr14	3270780	LOW	#7F7F7F33
chr9	12617802	chr7	18242236	LOW	#7F7F7F33
chr9	13946724	chr16	1015341	LOW	#7F7F7F33
chr9	14865319	chr2	9333073	LOW	#7F7F7F33
chr9	15004998	chr17	14519364	LOW	#7F7F7F33
chr9	15341245	chr8	2258396	LOW	#7F7F7F33
chr9	17250816	chr1	13307029	LOW	#7F7F7F33
chr9	18255190	chr21	414828	LOW	#7F7F7F33
chr9	18669724	chr17	12930234	LOW	#7F7F7F33
chr9	19095579	chr14	6024053	LOW	#7F7F7F33
chr9	19488352	chr18	8762611	LOW	#7F7F7F33
chr10	123755	chr5	10452384	LOW	#7F7F7F33
chr10	609098	chr12	15048767	LOW	#7F7F7F33
chr10	881842	chr22	6871246	LOW	#7F7F7F33
chr10	1126715	chr6	15579086	LOW	#7F7F7F33
chr10	1635851	chr20	14074192	LOW	#7F7F7F33
chr10	1823440	chr6	12667940	LOW	#7F7F7F33
chr10	2506530	chr9	6270714	LOW	#7F7F7F33
chr10	2588916	chr21	8475006	LOW	#7F7F7F33
chr10	3019369	chr14	2112831	LOW	#7F7F7F33
chr10	3631204	chr2	17530300	LOW	#7F7F7F33
chr10	3940545	chr15	10540958	LOW	#7F7F7F33
chr10	4010897	chr20	3548580	LOW	#7F7F7F33
chr10	6166767	chr9	7765045	LOW	#7F7F7F33
chr10	6770238	chr20	2646229	LOW	#7F7F7F33
chr10	6791421	chr19	6246829	LOW	#7F7F7F33
chr10	7761900	chr3	17453321	LOW	#7F7F7F33
chr10	8419589	chr21	2395791	LOW	#7F7F7F33
chr10	9076768	chr21	9766771	LOW	#7F7F7F33
chr10	9160518	chr11	9833926	LOW	#7F7F7F33
chr10	9417952	chr14	10391116	LOW	#7F7F7F33
chr10	10417964	chr15	4961284	LOW	#7F7F7F33
chr10	11417264	chr3	14102698	LOW	#7F7F7F33
chr10	11674253	chr22	1998135	LOW	#7F7F7F33
chr10	12644146	chr22	2271926	LOW	#7F7F7F33
chr10	15343183	chr22	18158803	LOW	#7F7F7F33
chr10	15997168	chr10	714924	LOW	#7F7F7F33
chr10	18712416	chr5	17666680	LOW	#7F7F7F33
chr10	18761453	chr11	4614701	LOW	#7F7F7F33
chr10	19071870	chr9	7612538	LOW	#7F7F7F33
chr11	2356	chr1	12647764	LOW	#7F7F7F33
chr11	4307	chr12	6241401	LOW	#7F7F7F33
chr11	174722	chr21	6425336	LOW	#7F7F7F33
chr11	556060	chr12	5461333	LOW	#7F7F7F33
chr11	938320	chr3	11152963	LOW	#7F7F7F33
chr11	1912644	chr1	3430131	LOW	#7F7F7F33
chr11	2689937	chr12	12737322	LOW	#7F7F7F33
chr11	3606450	chr7	6991627	LOW	#7F7F7F33
chr11	3954983	chr4	12388487	LOW	#7F7F7F33
chr11	7387520	chr14	19315979	LOW	#7F7F7F33
chr11	7563840	chr11	14743877	LOW	#7F7F7F33
chr11	8274461	chr3	4340197	LOW	#7F7F7F33
chr11	10148376	chr14	19505527	LOW	#7F7F7F33
chr11	10580541	chr7	743298	LOW	#7F7F7F33
chr11	11714329	chr8	5281442	LOW	#7F7F7F33
chr11	11807105	chr20	14694673	LOW	#7F7F7F33
chr11	12510484	chr10	8725740	LOW	#7F7F7F33
chr11	13294093	chr11	2521001	LOW	#7F7F7F33
chr11	14301584	chr21	4445803	LOW	#7F7F7F33
chr11	14619752	chr11	1194413	LOW	#7F7F7F33
chr11	14752294	chr20	5860687	LOW	#7F7F7F33
chr11	15814398	chr15	16873774	LOW	#7F7F7F33
chr11	16077622	chr12	19716761	LOW	#7F7F7F33
chr11	16201154	chr9	4636483	LOW	#7F7F7F33
chr11	16345792	chr17	12031465	LOW	#7F7F7F33
chr11	16881450	chr17	17409259	LOW	#7F7F7F33
chr11	17419796	chr20	12623748	LOW	#7F7F7F33
chr11	18613426	chr3	11059400	LOW	#7F7F7F33
chr11	18746635	chr17	19335482	LOW	#7F7F7F33
chr11	18908145	chr17	14712407	LOW	#7F7F7F33
chr11	19034446	chr14	5131392	LOW	#7F7F7F33
chr11	19456568	chr22	624484	LOW	#7F7F7F33
chr12	668217	chr13	8917645	LOW	#7F7F7F33
chr12	828985	chr9	8911925	LOW	#7F7F7F33
chr12	1375748	chr8	19090934	LOW	#7F7F7F33
chr12	1563886	chr4	3352874	LOW	#7F7F7F33
chr12	1611190	chr17	4617013	LOW	#7F7F7F33
chr12	1774773	chr17	13288948	LOW	#7F7F7F33
chr12	2951137	chr2	15652896	LOW	#7F7F7F33
chr12	3264201	chr11	6440493	LOW	#7F7F7F33
chr12	4528858	chr7	10256745	LOW	#7F7F7F33
chr12	7432649	chr18	6177747	LOW	#7F7F7F33
chr12	7779477	chr14	16820400	LOW	#7F7F7F33
chr12	9396524	chr9	11252955	LOW	#7F7F7F33
chr12	10827438	chr22	14561188	LOW	#7F7F7F33
chr12	11001403	chr15	11331964	LOW	#7F7F7F33
chr12	11671471	chr16	7121863	LOW	#7F7F7F33
chr12	12083192	chr21	1472054	LOW	#7F7F7F33
chr12	12236060	chr4	19471627	LOW	#7F7F7F33
chr12	12316603	chr2	17646404	LOW	#7F7F7F33
chr12	12354049	chr9	4581374	LOW	#7F7F7F33
chr12	13255514	chr15	14819531	LOW	#7F7F7F33
chr12	14196520	chr6	7158986	LOW	#7F7F7F33
chr12	14266068	chr6	3260660	LOW	#7F7F7F33
chr12	14993233	chr17	11609477	LOW	#7F7F7F33
chr12	17224467	chr8	8247403	LOW	#7F7F7F33
chr12	19871954	chr21	13271067	LOW	#7F7F7F33
chr13	95112	chr22	1867719	LOW	#7F7F7F33
chr13	163250	chr17	16925201	LOW	#7F7F7F33
chr13	1730787	chr10	4042673	LOW	#7F7F7F33
chr13	2601052	chr13	2172470	LOW	#7F7F7F33
chr13	3773184	chr3	5937139	LOW	#7F7F7F33
chr13	7082462	chr19	18968545	LOW	#7F7F7F33
chr13	8145432	chr6	11543880	LOW	#7F7F7F33
chr13	9073303	chr12	2194078	LOW	#7F7F7F33
chr13	9422061	chr21	10947780	LOW	#7F7F7F33
chr13	9536097	chr12	801073	LOW	#7F7F7F33
chr13	10168721	chr4	12806725	LOW	#7F7F7F33
chr13	10507405	chr19	13108634	LOW	#7F7F7F33
chr13	10590901	chr17	4967888	LOW	#7F7F7F33
chr13	12742411	chr18	2845643	LOW	#7F7F7F33
chr13	14727496	chr11	947251	LOW	#7F7F7F33
chr13	16170818	chr11	16493308	LOW	#7F7F7F33
chr13	16826592	chr7	3354456	LOW	#7F7F7F33
chr13	17291461	chr10	16749471	LOW	#7F7F7F33
chr13	18657598	chr21	1541380	LOW	#7F7F7F33
chr14	54089	chr10	3552938	LOW	#7F7F7F33
chr14	92012	chr7	303392	LOW	#7F7F7F33
chr14	1000478	chr10	15303338	LOW	#7F7F7F33
chr14	1191349	chr17	1548350	LOW	#7F7F7F33
chr14	2597501	chr5	6525937	LOW	#7F7F7F33
chr14	3540278	chr6	12615035	LOW	#7F7F7F33
chr14	3633172	chr9	8721593	LOW	#7F7F7F33
chr14	4093567	chr5	16069068	LOW	#7F7F7F33
chr14	5314915	chr22	10718647	LOW	#7F7F7F33
chr14	5746479	chr2	17124697	LOW	#7F7F7F33
chr14	7305773	chr2	18037889	LOW	#7F7F7F33
chr14	7505846	chr18	12528615	LOW	#7F7F7F33
chr14	7525110	chr20	6751991	LOW	#7F7F7F33
chr14	7716297	chr8	5417230	LOW	#7F7F7F33
chr14	9485154	chr7	12770686	LOW	#7F7F7F33
chr14	10428052	chr7	17379833	LOW	#7F7F7F33
chr14	11576181	chr16	19740341	LOW	#7F7F7F33
chr14	11628204	chr18	10122603	LOW	#7F7F7F33
chr14	12049011	chr15	11625877	LOW	#7F7F7F33
chr14	12062267	chr22	2307098	LOW	#7F7F7F33
chr14	14644862	chr15	2848924	LOW	#7F7F7F33
chr14	15761969	chr13	9160635	LOW	#7F7F7F33
chr14	16859462	chr21	8147950	LOW	#7F7F7F33
chr14	17372909	chr10	8299415	LOW	#7F7F7F33
chr14	19021815	chr16	15927601	LOW	#7F7F7F33
chr14	19182917	chr5	5396819	LOW	#7F7F7F33
chr14	19614486	chr5	17689619	LOW	#7F7F7F33
chr15	2198206	chr12	19579774	LOW	#7F7F7F33
chr15	2292531	chr3	16865870	LOW	#7F7F7F33
chr15	4298617	chr16	7921064	LOW	#7F7F7F33
chr15	4670598	chr15	7788540	LOW	#7F7F7F33
chr15	4680280	chr22	13715546	LOW	#7F7F7F33
chr15	4998080	chr5	1533703	LOW	#7F7F7F33
chr15	5425600	chr17	6367133	LOW	#7F7F7F33
chr15	5664880	chr4	17221129	LOW	#7F7F7F33
chr15	6758832	chr4	8136664	LOW	#7F7F7F33
chr15	7908140	chr19	2187294	LOW	#7F7F7F33
chr15	9339250	chr17	14814698	LOW	#7F7F7F33
chr15	9967659	chr20	18055730	LOW	#7F7F7F33
chr15	10572530	chr2	933343	LOW	#7F7F7F33
chr15	10634322	chr17	17684440	LOW	#7F7F7F33
chr15	13629795	chr14	5935708	LOW	#7F7F7F33
chr15	13933803	chr6	3457996	LOW	#7F7F7F33
chr15	15070218	chr19	6273939	LOW	#7F7F7F33
chr15	15582279	chr18	11998411	LOW	#7F7F7F33
chr15	16453585	chr18	10741052	LOW	#7F7F7F33
chr15	16833204	chr2	1889942	LOW	#7F7F7F33
chr16	1016154	chr22	10984755	LOW	#7F7F7F33
chr16	1089962	chr19	3096679	LOW	#7F7F7F33
chr16	1597814	chr16	12745068	LOW	#7F7F7F33
chr16	2051709	chr17	207420	LOW	#7F7F7F33
chr16	2132020	chr12	8641332	LOW	#7F7F7F33
chr16	2993834	chr9	12123816	LOW	#7F7F7F33
chr16	3368568	chr19	11852412	LOW	#7F7F7F33
chr16	3594621	chr7	19958309	LOW	#7F7F7F33
chr16	3699509	chr3	1774599	LOW	#7F7F7F33
chr16	4454394	chr5	19580143	LOW	#7F7F7F33
chr16	5157659	chr10	16340764	LOW	#7F7F7F33
chr16	6253631	chr13	16129381	LOW	#7F7F7F33
chr16	6504424	chr21	3283986	LOW	#7F7F7F33
chr16	9747545	chr21	5255128	LOW	#7F7F7F33
chr16	9915180	chr15	12986686	LOW	#7F7F7F33
chr16	10423579	chr20	13250752	LOW	#7F7F7F33
chr16	11608742	chr20	12904825	LOW	#7F7F7F33
chr16	11728807	chr9	2976289	LOW	#7F7F7F33
chr16	12437634	chr16	776433	LOW	#7F7F7F33
chr16	16151837	chr4	12835769	LOW	#7F7F7F33
chr16	16725547	chr14	11944519	LOW	#7F7F7F33
chr16	17884349	chr13	14819583	LOW	#7F7F7F33
chr16	18802265	chr11	5660036	LOW	#7F7F7F33
chr16	18997811	chr15	5743732	LOW	#7F7F7F33
chr16	19005646	chr8	18717667	LOW	#7F7F7F33
chr16	19155643	chr18	2228787	LOW	#7F7F7F33
chr16	19840107	chr16	17899272	LOW	#7F7F7F33
chr17	385791	chr14	5804924	LOW	#7F7F7F33
chr17	1262227	chr9	698019	LOW	#7F7F7F33
chr17	5411950	chr18	18591409	LOW	#7F7F7F33
chr17	5439298	chr14	14421277	LOW	#7F7F7F33
chr17	6596215	chr4	6257287	LOW	#7F7F7F33
chr17	6780495	chr21	16284482	LOW	#7F7F7F33
chr17	8491371	chr4	11251688	LOW	#7F7F7F33
chr17	8751696	chr13	1127697	LOW	#7F7F7F33
chr17	8879139	chr21	7324595	LOW	#7F7F7F33
chr17	9045636	chr15	19898178	LOW	#7F7F7F33
chr17	9137933	chr12	89156	LOW	#7F7F7F33
chr17	9746030	chr20	18913227	LOW	#7F7F7F33
chr17	10061429	chr19	11430990	LOW	#7F7F7F33
chr17	10775428	chr11	19733782	LOW	#7F7F7F33
chr17	12103037	chr11	4335576	LOW	#7F7F7F33
chr17	13007260	chr14	5651919	LOW	#7F7F7F33
chr17	14357022	chr5	4585680	LOW	#7F7F7F33
chr17	15552804	chr16	2162478	LOW	#7F7F7F33
chr17	15968891	chr21	10524256	LOW	#7F7F7F33
chr17	16185314	chr6	14451126	LOW	#7F7F7F33
chr17	16863142	chr8	1921939	LOW	#7F7F7F33
chr17	17434426	chr18	17828193	LOW	#7F7F7F33
chr17	19134998	chr2	16841658	LOW	#7F7F7F33
chr18	45247	chr16	11037776	LOW	#7F7F7F33
chr18	234507	chr5	16544234	LOW	#7F7F7F33
chr18	607943	chr20	4710672	LOW	#7F7F7F33
chr18	881429	chr18	337025	LOW	#7F7F7F33
chr18	1918855	chr9	4934019	LOW	#7F7F7F33
chr18	2324640	chr1	13272791	LOW	#7F7F7F33
chr18	2356124	chr9	12433410	LOW	#7F7F7F33
chr18	2508217	chr10	9816768	LOW	#7F7F7F33
chr18	2846890	chr1	2302094	LOW	#7F7F7F33
chr18	3022530	chr17	4395592	LOW	#7F7F7F33
chr18	3029927	chr9	10134138	LOW	#7F7F7F33
chr18	3033717	chr15	14713686	LOW	#7F7F7F33
chr18	4508822	chr15	17383126	LOW	#7F7F7F33
chr18	4552549	chr16	1918869	LOW	#7F7F7F33
chr18	4928781	chr19	7311474	LOW	#7F7F7F33
chr18	5166551	chr10	16322538	LOW	#7F7F7F33
chr18	5730550	chr22	15322730	LOW	#7F7F7F33
chr18	6060763	chr13	17214383	LOW	#7F7F7F33
chr18	6377862	chr6	3577556	LOW	#7F7F7F33
chr18	7274805	chr6	4992718	LOW	#7F7F7F33
chr18	7785598	chr16	8698382	LOW	#7F7F7F33
chr18	8593743	chr20	12989473	LOW	#7F7F7F33
chr18	9727176	chr10	2677607	LOW	#7F7F7F33
chr18	9799516	chr2	18058821	LOW	#7F7F7F33
chr18	10418563	chr9	5671614	LOW	#7F7F7F33
chr18	10622208	chr14	1939623	LOW	#7F7F7F33
chr18	11035921	chr19	7229738	LOW	#7F7F7F33
chr18	11097023	chr16	5369043	LOW	#7F7F7F33
chr18	11983730	chr16	14363131	LOW	#7F7F7F33
chr18	13260778	chr7	2502066	LOW	#7F7F7F33
chr18	13364468	chr22	11925144	LOW	#7F7F7F33
chr18	13570934	chr5	18611005	LOW	#7F7F7F33
chr18	13624204	chr15	568178	LOW	#7F7F7F33
chr18	14435860	chr7	12942353	LOW	#7F7F7F33
chr18	14772395	chr3	19829108	LOW	#7F7F7F33
chr18	14778701	chr12	10365270	LOW	#7F7F7F33
chr18	16316882	chr2	16632089	LOW	#7F7F7F33
chr18	16524817	chr19	5825810	LOW	#7F7F7F33
chr18	17130576	chr21	18701299	LOW	#7F7F7F33
chr18	17325951	chr10	17004159	LOW	#7F7F7F33
chr18	17524411	chr10	14763788	LOW	#7F7F7F33
chr18	17579046	chr13	4845656	LOW	#7F7F7F33
chr18	17645751	chr1	182861	LOW	#7F7F7F33
chr18	17677989	chr10	10505689	LOW	#7F7F7F33
chr18	17844928	chr17	2852083	LOW	#7F7F7F33
chr18	18150455	chr17	12258951	LOW	#7F7F7F33
chr18	18803486	chr3	15919410	LOW	#7F7F7F33
chr18	19677529	chr21	17840193	LOW	#7F7F7F33
chr18	19697302	chr15	3490994	LOW	#7F7F7F33
chr18	19807443	chr6	13480733	LOW	#7F7F7F33
chr18	19812450	chr1	16065606	LOW	#7F7F7F33
chr19	585466	chr20	8101401	LOW	#7F7F7F33
chr19	852242	chr14	17057617	LOW	#7F7F7F33
chr19	1276748	chr14	9072596	LOW	#7F7F7F33
chr19	2542173	chr1	3277437	LOW	#7F7F7F33
chr19	2911433	chr11	9572575	LOW	#7F7F7F33
chr19	3733093	chr16	4953434	LOW	#7F7F7F33
chr19	3763961	chr11	9199587	LOW	#7F7F7F33
chr19	4710042	chr16	8964338	LOW	#7F7F7F33
chr19	8875490	chr17	9981082	LOW	#7F7F7F33
chr19	9152467	chr1	8682462	LOW	#7F7F7F33
chr19	9377371	chr1	9456414	LOW	#7F7F7F33
chr19	12613325	chr17	14388894	LOW	#7F7F7F33
chr19	12814431	chr5	18283311	LOW	#7F7F7F33
chr19	13867649	chr16	16006527	LOW	#7F7F7F33
chr19	14253780	chr8	12072721	LOW	#7F7F7F33
chr19	14457907	chr16	17125170	LOW	#7F7F7F33
chr19	15176501	chr12	11936115	LOW	#7F7F7F33
chr19	16303796	chr18	6473792	LOW	#7F7F7F33
chr19	18333926	chr20	10847420	LOW	#7F7F7F33
chr19	19960042	chr15	19538769	LOW	#7F7F7F33
chr20	274584	chr1	10553666	LOW	#7F7F7F33
chr20	294835	chr9	7029248	LOW	#7F7F7F33
chr20	965541	chr20	3541825	LOW	#7F7F7F33
chr20	1642196	chr8	4541279	LOW	#7F7F7F33
chr20	2676786	chr16	14136252	LOW	#7F7F7F33
chr20	4023024	chr20	12013845	LOW	#7F7F7F33
chr20	4228356	chr1	9830650	LOW	#7F7F7F33
chr20	6535603	chr12	9359703	LOW	#7F7F7F33
chr20	6792787	chr21	12903184	LOW	#7F7F7F33
chr20	7518890	chr8	6608248	LOW	#7F7F7F33
chr20	7941124	chr1	13719374	LOW	#7F7F7F33
chr20	8443354	chr4	15008250	LOW	#7F7F7F33
chr20	10046562	chr22	677345	LOW	#7F7F7F33
chr20	10192010	chr14	13658733	LOW	#7F7F7F33
chr20	10256988	chr6	11048491	LOW	#7F7F7F33
chr20	10507867	chr19	12680997	LOW	#7F7F7F33
chr20	10646577	chr8	6057644	LOW	#7F7F7F33
chr20	10666078	chr22	3066175	LOW	#7F7F7F33
chr20	11032769	chr7	17295005	LOW	#7F7F7F33
chr20	11358649	chr18	2639669	LOW	#7F7F7F33
chr20	11793230	chr18	4302681	LOW	#7F7F7F33
chr20	12054861	chr2	16752129	LOW	#7F7F7F33
chr20	13092394	chr13	8462076	LOW	#7F7F7F33
chr20	13267578	chr3	19320360	LOW	#7F7F7F33
chr20	15346628	chr19	3971434	LOW	#7F7F7F33
chr20	15627495	chr13	3236412	LOW	#7F7F7F33
chr20	16686246	chr1	14996428	LOW	#7F7F7F33
chr20	17572268	chr14	12488055	LOW	#7F7F7F33
chr20	19284600	chr2	2911158	LOW	#7F7F7F33
chr21	1097107	chr20	2498993	LOW	#7F7F7F33
chr21	1806674	chr2	5417687	LOW	#7F7F7F33
chr21	2180072	chr3	15956504	LOW	#7F7F7F33
chr21	2244823	chr14	16000994	LOW	#7F7F7F33
chr21	3701438	chr9	5506019	LOW	#7F7F7F33
chr21	3708947	chr5	15468798	LOW	#7F7F7F33
chr21	6614542	chr5	14808244	LOW	#7F7F7F33
chr21	8637156	chr3	18321654	LOW	#7F7F7F33
chr21	9239244	chr4	13543823	LOW	#7F7F7F33
chr21	10258078	chr13	3127396	LOW	#7F7F7F33
chr21	11240804	chr19	14242572	LOW	#7F7F7F33
chr21	12811856	chr15	3373155	LOW	#7F7F7F33
chr21	12844862	chr6	14455287	LOW	#7F7F7F33
chr21	13157183	chr22	1825459	LOW	#7F7F7F33
chr21	13542662	chr5	18138979	LOW	#7F7F7F33
chr21	13820534	chr12	15510106	LOW	#7F7F7F33
chr21	13830509	chr16	7279769	LOW	#7F7F7F33
chr21	13857404	chr17	15154558	LOW	#7F7F7F33
chr21	14424286	chr6	12086470	LOW	#7F7F7F33
chr21	16411058	chr11	5428755	LOW	#7F7F7F33
chr21	17120091	chr22	5451798	LOW	#7F7F7F33
chr21	18193860	chr3	13919309	LOW	#7F7F7F33
chr21	18252135	chr10	14786	LOW	#7F7F7F33
chr21	19408847	chr11	2860177	LOW	#7F7F7F33
chr22	651351	chr17	5766841	LOW	#7F7F7F33
chr22	2492803	chr1	8126950	LOW	#7F7F7F33
chr22	3064442	chr8	3917473	LOW	#7F7F7F33
chr22	4954787	chr20	9974524	LOW	#7F7F7F33
chr22	5299538	chr19	17068660	LOW	#7F7F7F33
chr22	5884545	chr14	5745816	LOW	#7F7F7F33
chr22	7011596	chr5	10747731	LOW	#7F7F7F33
chr22	7325181	chr5	17544942	LOW	#7F7F7F33
chr22	7380665	chr8	677553	LOW	#7F7F7F33
chr22	9262006	chr12	11160334	LOW	#7F7F7F33
chr22	9318874	chr14	13301683	LOW	#7F7F7F33
chr22	9810071	chr8	16460842	LOW	#7F7F7F33
chr22	11107994	chr15	4800193	LOW	#7F7F7F33
chr22	11288175	chr11	13564075	LOW	#7F7F7F33
chr22	12337704	chr17	7709775	LOW	#7F7F7F33
chr22	15201339	chr8	8078426	LOW	#7F7F7F33
chr22	17764258	chr5	886837	LOW	#7F7F7F33
chr22	19402179	chr15	4996208	LOW	#7F7F7F33
chr22	19693804	chr19	16390339	LOW	#7F7F7F33
