fecha	cp_origen	cp_destino	distancia_recorrida	producto	categoria	costo	propina
31/01/2025	05000	06000	13.7	tacos	comida	124.36	24.53
20/03/2025	01000	03000	8.49	pizza	comida	201.25	22.71
20/02/2025	01000	03000	9.5	super	abarrotes	590.62	112.42
14/01/2025	05000	01000	8.06	super	abarrotes	498.29	67.9
08/03/2025	03000	06000	8.06	pizza	comida	258.7	34.14
11/02/2025	03000	03000	6.93	alcohol	abarrotes	583.75	1199.1
19/02/2025	01000	05000	4.05	alcohol	abarrotes	388.74	766.45
12/02/2025	03000	01000	5.47	sushi	comida	230,45	35.93
14/01/2025	06000	05000	4.38	tacos	comida	102,27	15.48
25/01/2025	05000	03000	1.02	sushi	comida	309,52	31.82
31/03/2025	01000	05000	4.13	pizza	comida	192.2	31.56
10/03/2025	01000	03000	14.57	super	abarrotes	555,86	60.37
26/02/2025	01000	01000	7.05	NA	NA	248,02	48.12
09/01/2025	06000	01000	14.49	super	abarrotes	709.03	135.77
13/03/2025	01000	01000	4.58	pizza	comida	190.11	30.12
26/01/2025	06000	03000	2.9	sushi	comida	239.6	32.59
07/01/2025	01000	01000	8.88	NA	NA	263.78	48.31
11/02/2025	01000	03000	7.07	pizza	comida	169.72	27.19
09/01/2025	03000	01000	13.08	tacos	comida	101.9	20.33
24/03/2025	03000	05000	13.82	sushi	comida	259,02	46.31
05/02/2025	03000	01000	9.66	super	abarrotes	665.62	98.6
19/03/2025	06000	05000	12.77	tacos	comida	132.18	19.45
22/03/2025	05000	06000	5.04	tacos	comida	95.75	15.67
12/02/2025	03000	05000	13.59	pizza	comida	190.31	35.98
17/03/2025	06000	06000	2.98	pizza	comida	229,83	38.84
15/01/2025	03000	03000	2.99	pizza	comida	230.4	41.31
01/02/2025	03000	03000	9.11	pizza	comida	129,37	23.64
07/01/2025	01000	03000	14.93	pizza	comida	194.49	38.5
09/01/2025	03000	06000	8.47	super	abarrotes	710.21	112.42
10/02/2025	06000	05000	2.8	NA	NA	336.99	61.18
15/03/2025	05000	01000	3.48	alcohol	abarrotes	477,42	966.07
23/01/2025	06000	01000	11.84	alcohol	abarrotes	362.66	791.93
27/01/2025	01000	05000	10.11	tacos	comida	161.79	21.38
01/03/2025	05000	06000	8.79	NA	NA	193.94	29.34
22/02/2025	05000	01000	11.44	sushi	comida	331.92	53.5
07/01/2025	05000	01000	5.8	sushi	comida	252.46	28.36
22/02/2025	01000	01000	6.48	tacos	comida	140,64	27.3
27/01/2025	06000	03000	5.93	super	abarrotes	562	104.46
07/02/2025	05000	01000	9.72	tacos	comida	135.36	23.32
30/03/2025	03000	03000	3.25	tacos	comida	105.71	14.59
03/02/2025	06000	05000	4.45	pizza	comida	213.3	39.56
10/03/2025	01000	01000	14.27	sushi	comida	252.39	42.53
13/03/2025	05000	06000	14.84	tacos	comida	129.73	15.15
17/03/2025	03000	06000	8.5	alcohol	abarrotes	348.98	716.32
04/03/2025	03000	05000	1.63	super	abarrotes	660.35	104.3
13/01/2025	05000	01000	9.43	sushi	comida	262.43	46.92
23/03/2025	05000	05000	11.1	NA	NA	155.79	30.89
25/01/2025	05000	05000	9.16	super	abarrotes	678.16	72.36
07/02/2025	01000	03000	8.37	pizza	comida	254.57	28.26
21/01/2025	01000	01000	5.95	sushi	comida	302.41	58.5
20/03/2025	06000	05000	2.12	tacos	comida	115.72	18.24
10/02/2025	05000	05000	2.8	tacos	comida	107.43	19.01
16/02/2025	05000	06000	6.12	sushi	comida	319.69	55.76
31/03/2025	01000	01000	9.4	tacos	comida	130.56	19.05
01/03/2025	05000	03000	4.33	NA	NA	178.86	23.38
16/01/2025	06000	03000	1.25	pizza	comida	213.91	26.76
06/01/2025	06000	06000	5.34	sushi	comida	247.89	34.35
13/03/2025	03000	03000	2.09	alcohol	abarrotes	411.4	862.87
27/03/2025	05000	06000	4.51	pizza	comida	196.71	28.7
27/03/2025	06000	05000	2.97	sushi	comida	246,73	27.08
08/02/2025	05000	06000	6.18	pizza	comida	183.42	33.85
31/01/2025	01000	05000	2.97	pizza	comida	244.18	24.72
22/03/2025	01000	06000	8.95	sushi	comida	247.18	24.76
19/02/2025	01000	05000	8.6	tacos	comida	156.92	19.11
03/02/2025	01000	06000	3.29	tacos	comida	71.26	12.58
04/01/2025	03000	01000	14.23	tacos	comida	119,89	17.82
13/01/2025	03000	06000	9.76	pizza	comida	209.17	29.04
10/03/2025	05000	03000	1.91	tacos	comida	130.47	14.48
25/01/2025	05000	03000	3.53	tacos	comida	123.24	20.04
21/02/2025	03000	01000	10.35	alcohol	abarrotes	314.83	658.28
22/01/2025	01000	01000	13.69	NA	NA	435.95	51.1
30/03/2025	06000	01000	12.42	super	abarrotes	507.02	87.29
01/02/2025	06000	03000	7.19	pizza	comida	213.15	40.37
25/01/2025	06000	05000	3.26	pizza	comida	188,17	22.91
28/03/2025	01000	05000	3.32	NA	NA	614.24	73.29
04/02/2025	05000	05000	7.71	super	abarrotes	719.29	109.22
09/02/2025	03000	06000	6.54	pizza	comida	169.31	27.12
30/01/2025	01000	05000	12.13	NA	NA	176.04	17.74
12/01/2025	06000	01000	11.78	sushi	comida	217.36	35.84
31/01/2025	01000	01000	6.59	NA	NA	465.6	83.21
30/01/2025	03000	05000	9.82	sushi	comida	285,49	34.88
05/03/2025	05000	01000	6.78	NA	NA	238.41	28.13
14/01/2025	01000	06000	6.12	sushi	comida	246.38	39.24
12/03/2025	06000	01000	9.69	tacos	comida	106.15	20.02
08/03/2025	03000	06000	14.38	sushi	comida	246.27	41.39
23/01/2025	06000	01000	7.67	tacos	comida	90.58	13.83
20/03/2025	06000	06000	9.69	tacos	comida	97.88	15.54
26/03/2025	06000	06000	5.05	pizza	comida	214,67	34.01
06/02/2025	01000	06000	6.71	alcohol	abarrotes	471	894.07
08/01/2025	03000	05000	7.23	pizza	comida	201,87	32.64
20/02/2025	05000	05000	4.97	sushi	comida	286.37	45.43
15/03/2025	03000	06000	14.58	sushi	comida	242.44	35.34
19/02/2025	01000	06000	13.36	pizza	comida	219.68	33
15/03/2025	06000	06000	12.32	tacos	comida	124.32	21.66
27/03/2025	05000	03000	10.92	pizza	comida	216.14	40.47
17/03/2025	05000	05000	3.52	tacos	comida	100.3	19.78
25/03/2025	06000	03000	1.9	tacos	comida	124.41	16.92
15/02/2025	06000	06000	2.49	pizza	comida	251.25	40.74
17/01/2025	01000	06000	12.87	NA	NA	121,61	15.16
03/03/2025	03000	06000	6.03	sushi	comida	244.98	35.49
15/02/2025	01000	06000	11.99	tacos	comida	108,2	15.85
23/02/2025	01000	03000	13.71	pizza	comida	190.28	26.94
04/02/2025	01000	03000	9.87	pizza	comida	184.83	22.09
20/03/2025	05000	03000	9.61	tacos	comida	85.87	9.59
24/01/2025	06000	05000	1.95	sushi	comida	183,94	34.32
28/03/2025	05000	03000	4.38	tacos	comida	114.88	18.03
07/01/2025	03000	06000	6.75	sushi	comida	282,88	33.61
20/03/2025	03000	06000	12.36	sushi	comida	209.11	22.57
23/01/2025	03000	05000	6.31	pizza	comida	211,08	32.66
26/01/2025	06000	06000	7.26	tacos	comida	97.12	11.04
01/02/2025	06000	03000	8.99	sushi	comida	235,1	37.89
07/01/2025	06000	01000	2.84	tacos	comida	141.3	27.15
27/01/2025	05000	01000	1.18	sushi	comida	247.78	48.54
11/02/2025	03000	05000	10.49	super	abarrotes	702.78	74.67
05/01/2025	06000	01000	12.69	pizza	comida	161.06	26.03
11/03/2025	06000	03000	14.11	super	abarrotes	768.2	152.37
16/01/2025	01000	03000	1.82	tacos	comida	140.15	19.89
24/01/2025	01000	03000	10.35	tacos	comida	145,6	25.6
01/02/2025	06000	01000	6.4	NA	NA	238.38	31.25
21/01/2025	01000	05000	9.07	sushi	comida	266,4	52.25
24/02/2025	01000	06000	2.94	tacos	comida	123,69	13.19
16/03/2025	05000	05000	4.58	tacos	comida	129,97	21.76
05/02/2025	03000	03000	5.38	tacos	comida	101.58	10.17
24/03/2025	06000	03000	11.01	pizza	comida	180.03	25.66
30/03/2025	03000	03000	3.64	pizza	comida	222.07	35.91
08/02/2025	01000	06000	2.99	sushi	comida	263,67	51.53
23/02/2025	05000	05000	9.04	super	abarrotes	558.99	71.25
31/03/2025	01000	01000	1.69	NA	NA	134.44	20.27
09/01/2025	06000	03000	7.09	super	abarrotes	412.14	71.3
12/03/2025	05000	05000	7.76	tacos	comida	125.53	16.78
17/02/2025	03000	01000	7.51	tacos	comida	100.56	17.06
18/03/2025	03000	06000	7.81	tacos	comida	135,62	17.37
24/03/2025	03000	05000	11.33	super	abarrotes	519.74	82.2
25/02/2025	05000	05000	14.87	pizza	comida	141.43	18.28
08/02/2025	01000	03000	12.77	sushi	comida	295.02	37.02
09/03/2025	01000	05000	2.57	pizza	comida	196.39	32.86
01/01/2025	01000	06000	13.06	pizza	comida	181.74	25.79
09/02/2025	03000	05000	8.95	pizza	comida	204.25	33.77
30/01/2025	06000	03000	10.57	alcohol	abarrotes	347.19	669.91
30/03/2025	06000	06000	12.05	tacos	comida	94,51	14.42
16/01/2025	01000	01000	6.64	sushi	comida	289,94	32.9
29/03/2025	06000	01000	12.95	tacos	comida	80.45	8.32
23/02/2025	03000	06000	3.65	tacos	comida	106.98	14.12
16/03/2025	03000	05000	7.94	pizza	comida	166.26	18.82
17/02/2025	03000	01000	2.68	pizza	comida	187,23	36.93
20/01/2025	06000	05000	4.2	sushi	comida	243.25	24.61
08/03/2025	05000	05000	13.68	sushi	comida	277.93	34.62
05/02/2025	01000	03000	7.63	sushi	comida	323.02	35.89
21/02/2025	03000	05000	8.57	tacos	comida	84.03	16.5
22/01/2025	06000	06000	14.63	super	abarrotes	428.28	84.28
18/02/2025	06000	01000	14.61	pizza	comida	175.52	22.42
11/02/2025	06000	01000	10.6	tacos	comida	113,64	22
28/02/2025	05000	01000	11.92	pizza	comida	144,9	25.91
25/03/2025	01000	05000	1.29	super	abarrotes	613.58	75.73
11/01/2025	05000	01000	11.2	tacos	comida	103,27	12.11
24/02/2025	01000	03000	13.92	sushi	comida	196.19	37.16
08/01/2025	05000	01000	7.17	super	abarrotes	588.93	88.04
15/02/2025	03000	03000	10.88	tacos	comida	81.95	11.85
26/03/2025	06000	06000	12.43	tacos	comida	123.61	20.27
07/03/2025	01000	01000	7.81	sushi	comida	226.11	32.3
18/03/2025	03000	06000	12.8	tacos	comida	100.91	18.1
15/02/2025	03000	06000	7.9	pizza	comida	201.84	37.42
11/03/2025	01000	03000	1.25	pizza	comida	199.99	34.78
13/03/2025	03000	03000	7.17	sushi	comida	250,3	36.26
13/02/2025	06000	03000	7.69	tacos	comida	97.42	15.36
01/02/2025	01000	06000	9.42	tacos	comida	118,55	22.37
05/02/2025	03000	05000	7.21	sushi	comida	272.08	27.34
14/02/2025	05000	05000	5.3	sushi	comida	235.35	38.02
14/01/2025	03000	03000	10.42	tacos	comida	110.36	15.71
16/01/2025	05000	06000	9.53	tacos	comida	118.66	13.8
28/03/2025	05000	03000	14.63	super	abarrotes	405,62	76.44
02/02/2025	03000	03000	3.46	sushi	comida	241.72	40.07
09/02/2025	03000	06000	14.63	alcohol	abarrotes	396.75	773.2
09/02/2025	03000	05000	9.11	NA	NA	193	28.67
10/01/2025	01000	01000	11.33	NA	NA	573.05	95.49
30/03/2025	05000	05000	13.12	sushi	comida	291.32	37.96
13/03/2025	01000	06000	10.06	alcohol	abarrotes	374,08	570.39
23/03/2025	05000	01000	10.73	super	abarrotes	584.99	82.96
09/01/2025	03000	03000	14.94	sushi	comida	220.2	25.76
07/01/2025	03000	05000	12.89	pizza	comida	150,96	22.7
07/01/2025	06000	03000	11.72	alcohol	abarrotes	496,54	906.75
27/02/2025	03000	03000	2.93	NA	NA	192.71	33.43
02/03/2025	03000	01000	2.33	pizza	comida	199.42	29.58
15/03/2025	05000	03000	8.31	pizza	comida	225.16	34.41
24/01/2025	03000	06000	3.69	tacos	comida	107.75	19.03
04/03/2025	05000	06000	11.24	tacos	comida	90.69	14.35
23/02/2025	05000	05000	7.92	sushi	comida	255.45	46.21
23/01/2025	06000	06000	3	pizza	comida	213,49	23.51
26/01/2025	05000	03000	12.78	alcohol	abarrotes	490.66	841.39
02/02/2025	01000	05000	14.18	alcohol	abarrotes	421.82	854.41
26/02/2025	01000	05000	4.89	NA	NA	239.07	47.35
29/01/2025	03000	06000	3.11	sushi	comida	277.33	40.42
10/01/2025	03000	03000	10.89	pizza	comida	194.82	28.35
22/02/2025	01000	01000	8.91	pizza	comida	170.11	23.12
23/02/2025	01000	01000	2.27	super	abarrotes	662.53	101.86
18/03/2025	05000	03000	8.84	pizza	comida	212.08	28.49
11/01/2025	05000	05000	9.61	tacos	comida	76,3	13.88
25/01/2025	01000	03000	8.68	pizza	comida	161.41	24.28
21/02/2025	03000	01000	6.51	super	abarrotes	727.9	88.21
26/01/2025	01000	05000	6.83	sushi	comida	293,69	44.08
07/01/2025	01000	01000	13.67	NA	NA	131.67	20.15
25/01/2025	03000	01000	10.43	sushi	comida	235.83	39.68
28/03/2025	06000	05000	14.37	tacos	comida	118.94	23.49
31/03/2025	03000	01000	3.12	pizza	comida	262.4	50.51
01/02/2025	06000	06000	8.84	pizza	comida	200.69	36.72
25/03/2025	03000	03000	2.38	pizza	comida	184,41	26.06
24/01/2025	01000	06000	9.73	super	abarrotes	408.51	56.52
26/02/2025	03000	05000	4.59	sushi	comida	219.51	30.63
14/03/2025	03000	06000	7.71	tacos	comida	154.39	19.79
23/01/2025	01000	05000	7.68	pizza	comida	160.24	31.77
14/01/2025	06000	05000	12.63	tacos	comida	103,38	19.22
06/01/2025	05000	05000	13.54	pizza	comida	163.51	21.93
01/01/2025	03000	05000	9.08	pizza	comida	178.02	22.83
31/03/2025	01000	03000	14.21	tacos	comida	114.79	14.8
27/02/2025	03000	01000	5.09	tacos	comida	132.18	17.25
22/03/2025	05000	05000	9.75	super	abarrotes	659.99	111.9
29/01/2025	06000	03000	9.68	sushi	comida	241.94	26.38
26/01/2025	01000	01000	10.08	alcohol	abarrotes	453,81	926.09
27/01/2025	03000	01000	4.29	pizza	comida	202.46	21.3
26/03/2025	06000	05000	6.65	alcohol	abarrotes	359.25	714.5
07/01/2025	05000	03000	3.39	super	abarrotes	614.66	101.13
01/03/2025	03000	03000	8.27	sushi	comida	265	47.18
26/01/2025	03000	06000	9.18	sushi	comida	269.11	30.95
10/02/2025	05000	03000	2.12	tacos	comida	125.83	25.13
25/03/2025	01000	03000	11.2	super	abarrotes	808.08	101.72
06/01/2025	03000	03000	9.6	pizza	comida	206.46	39.03
31/01/2025	01000	01000	10.39	sushi	comida	240,46	40.81
17/01/2025	05000	06000	5.15	NA	NA	717.72	131.13
05/03/2025	06000	06000	6.05	super	abarrotes	761,45	151.12
06/02/2025	06000	05000	9.83	super	abarrotes	532,09	86.22
26/02/2025	01000	05000	14.44	pizza	comida	200.42	35.4
20/01/2025	06000	05000	6.11	tacos	comida	102.06	13.73
04/02/2025	06000	03000	3.77	super	abarrotes	678.68	133.07
30/03/2025	06000	05000	4.56	tacos	comida	140.07	21.29
02/02/2025	05000	03000	7.79	super	abarrotes	548.1	79.14
07/03/2025	01000	01000	6.79	pizza	comida	217.73	25.07
04/01/2025	01000	01000	5.6	pizza	comida	236.15	38.79
15/03/2025	06000	06000	6	pizza	comida	194.54	34.86
05/01/2025	03000	05000	10.57	sushi	comida	262.6	32.22
25/01/2025	05000	05000	13.08	super	abarrotes	459,23	79.73
08/01/2025	06000	06000	7.57	super	abarrotes	653.06	118.67
24/02/2025	06000	06000	9.16	super	abarrotes	698.59	132.78
30/03/2025	06000	05000	7.98	sushi	comida	254.32	42.51
26/03/2025	05000	03000	10.34	tacos	comida	111.48	12.91
14/02/2025	05000	01000	10.63	pizza	comida	177.63	25.88
18/01/2025	05000	01000	2.5	tacos	comida	113.41	15.84
11/02/2025	05000	01000	2.57	tacos	comida	166.31	19.51
31/01/2025	06000	01000	14.06	tacos	comida	125,72	14.65
06/01/2025	03000	01000	6.91	pizza	comida	249,42	44.5
12/03/2025	05000	06000	8.89	NA	NA	180.55	25.58
02/03/2025	05000	06000	14.39	tacos	comida	111.19	17.98
17/02/2025	03000	03000	3.74	super	abarrotes	677,63	107.34
17/01/2025	05000	01000	4.13	NA	NA	496.88	58.19
14/02/2025	06000	03000	9.7	pizza	comida	216.3	38.87
04/03/2025	03000	03000	12.68	alcohol	abarrotes	364.89	706.8
22/02/2025	05000	05000	12.31	NA	NA	91.37	14.78
22/02/2025	06000	01000	3.12	tacos	comida	120.03	20.45
04/03/2025	05000	05000	2.17	alcohol	abarrotes	446.31	1018.44
12/03/2025	03000	05000	11.91	super	abarrotes	536.3	67.69
25/03/2025	06000	01000	14.36	NA	NA	300.27	43.97
23/03/2025	03000	03000	9.66	sushi	comida	263.6	26.56
17/01/2025	05000	06000	7.12	alcohol	abarrotes	451	898.44
02/01/2025	06000	05000	10.3	tacos	comida	87.82	9.19
18/02/2025	01000	03000	13.16	pizza	comida	212.65	35.26
02/01/2025	06000	01000	8.04	pizza	comida	208.95	38.06
13/01/2025	01000	05000	8.4	super	abarrotes	458.96	78.75
24/01/2025	01000	03000	11.79	pizza	comida	229.54	36.39
18/02/2025	06000	01000	6.18	pizza	comida	202,12	22.34
08/03/2025	05000	05000	14.17	tacos	comida	145.06	25.5
23/03/2025	05000	01000	1.47	sushi	comida	186.77	33.21
02/01/2025	05000	03000	5.74	sushi	comida	270	31.3
06/02/2025	06000	03000	2.9	tacos	comida	128,38	23.43
04/03/2025	01000	06000	5.72	super	abarrotes	426.5	63.3
17/03/2025	01000	06000	7.77	NA	NA	280.17	48.83
13/01/2025	05000	06000	11.6	pizza	comida	199.32	32.2
11/02/2025	06000	06000	12.15	sushi	comida	268.88	48.67
02/03/2025	05000	01000	6.83	pizza	comida	153.18	20.8
11/03/2025	06000	06000	1.42	pizza	comida	227.94	26.74
07/02/2025	05000	06000	14.14	NA	NA	155.28	27.33
05/03/2025	01000	05000	13.82	sushi	comida	228.04	27.04
21/03/2025	01000	01000	9.57	tacos	comida	86,93	15.78
05/02/2025	01000	05000	13.87	sushi	comida	254.65	48.58
04/02/2025	01000	03000	9.77	pizza	comida	190,56	25.96
28/03/2025	01000	05000	2.77	pizza	comida	183,36	32.4
08/03/2025	05000	05000	3	sushi	comida	212.54	22.62
17/02/2025	06000	05000	10.54	sushi	comida	231,74	31.98
07/03/2025	03000	01000	13.92	tacos	comida	161.45	28.43
23/01/2025	05000	06000	3.11	sushi	comida	282.49	48.74
08/03/2025	06000	01000	13.39	pizza	comida	251.87	26.51
09/01/2025	05000	06000	7.3	tacos	comida	116.24	22.84
02/03/2025	05000	01000	1.65	alcohol	abarrotes	469,04	1018.01
08/02/2025	05000	06000	12.53	super	abarrotes	572.31	90.12
31/01/2025	01000	01000	14.53	super	abarrotes	549,64	68.46
14/03/2025	03000	03000	12.3	pizza	comida	177.5	23.84
05/02/2025	03000	03000	5.15	sushi	comida	268.84	41.93
22/01/2025	06000	01000	3.77	sushi	comida	288.38	36.93
13/02/2025	05000	06000	3.82	tacos	comida	114,23	15.51
10/02/2025	05000	01000	5.89	tacos	comida	118.01	13.27
12/02/2025	03000	06000	4.14	sushi	comida	292.21	56.54
08/02/2025	01000	03000	3.3	sushi	comida	202.71	32.06
06/02/2025	01000	01000	2.3	NA	NA	234.81	35.09
02/02/2025	01000	05000	9.86	tacos	comida	141.45	23.98
24/03/2025	05000	03000	11.99	sushi	comida	301.4	46.15
12/01/2025	06000	01000	1.83	tacos	comida	119.44	18.73
21/01/2025	01000	01000	2.18	pizza	comida	202.17	30.35
22/03/2025	03000	03000	1.06	tacos	comida	138.68	22.71
17/03/2025	06000	01000	2.99	super	abarrotes	702.95	100.83
04/02/2025	03000	05000	14.01	super	abarrotes	512.69	73.82
30/01/2025	06000	05000	3.27	tacos	comida	140.34	18.33
30/03/2025	03000	06000	14.84	pizza	comida	221.73	37.27
19/02/2025	01000	06000	10.86	pizza	comida	245.65	45.99
16/02/2025	03000	01000	5.54	tacos	comida	120,83	14.55
08/03/2025	05000	05000	5.59	pizza	comida	254.55	44.44
23/03/2025	05000	06000	11.87	super	abarrotes	556.44	78.58
22/03/2025	06000	06000	7.98	alcohol	abarrotes	330.96	805.47
11/02/2025	01000	01000	7.96	pizza	comida	253.83	37.68
09/02/2025	06000	05000	4.73	tacos	comida	116.51	20.97
11/02/2025	05000	05000	14.02	NA	NA	690.92	131.76
26/01/2025	05000	03000	10.49	sushi	comida	269.64	40.18
13/01/2025	05000	03000	10.94	NA	NA	283,68	28.93
20/01/2025	01000	03000	4.95	tacos	comida	135.2	21.1
20/01/2025	03000	06000	9.13	sushi	comida	241.62	48.05
25/03/2025	03000	06000	14.36	sushi	comida	211.8	21.61
10/02/2025	03000	05000	1.5	NA	NA	174.17	21.63
08/01/2025	06000	05000	8.14	super	abarrotes	669.72	84.21
08/02/2025	06000	05000	13.05	pizza	comida	196.23	36.49
15/03/2025	03000	01000	4.88	sushi	comida	295.46	52.55
22/03/2025	01000	05000	6.08	super	abarrotes	675.74	94.29
04/03/2025	03000	03000	13.83	NA	NA	299,23	38.82
23/03/2025	01000	01000	2.12	alcohol	abarrotes	463,78	917.91
11/01/2025	03000	06000	8.18	super	abarrotes	687.79	108.49
02/01/2025	06000	05000	6.88	sushi	comida	189.88	27.5
19/01/2025	01000	06000	3.21	NA	NA	128.17	21.83
18/03/2025	03000	06000	7.29	tacos	comida	90.99	9.17
13/01/2025	01000	01000	3.37	NA	NA	585,08	61.72
31/01/2025	05000	06000	12.97	pizza	comida	182.2	36.4
30/01/2025	03000	05000	10.63	alcohol	abarrotes	426.88	967.5
22/01/2025	06000	05000	2.7	alcohol	abarrotes	355.93	767.57
15/03/2025	01000	01000	2.67	pizza	comida	175,08	18.4
16/01/2025	01000	01000	5.04	sushi	comida	263.87	46.14
10/03/2025	06000	06000	14.16	pizza	comida	186.83	23.03
05/02/2025	01000	01000	14.04	super	abarrotes	475.05	60.62
19/02/2025	03000	06000	3.56	alcohol	abarrotes	429.4	931.19
02/02/2025	06000	01000	13.78	sushi	comida	268,07	33.11
21/03/2025	01000	05000	1.93	pizza	comida	235,88	42.05
28/01/2025	06000	06000	13.29	sushi	comida	251.42	48.07
18/02/2025	01000	03000	1.82	sushi	comida	240.21	28.42
12/01/2025	05000	01000	14.32	tacos	comida	158.2	28.24
22/02/2025	06000	03000	3.24	pizza	comida	203.6	39.64
28/01/2025	03000	01000	9.13	sushi	comida	240.08	44.85
07/03/2025	06000	05000	10.96	pizza	comida	179.5	34.37
19/02/2025	05000	01000	4.92	alcohol	abarrotes	361.28	680.95
17/03/2025	06000	06000	1.37	NA	NA	149.85	27.43
16/02/2025	05000	01000	10.95	pizza	comida	168.19	18.35
20/02/2025	05000	06000	5.38	pizza	comida	193.59	36.04
06/01/2025	03000	03000	12.97	pizza	comida	206.5	26.26
21/03/2025	01000	06000	7.61	super	abarrotes	512.08	75.05
15/01/2025	05000	06000	14.89	NA	NA	570.92	111.44
19/01/2025	03000	03000	2.09	NA	NA	714.56	91.18
28/02/2025	01000	06000	1.35	alcohol	abarrotes	451.85	972.75
03/01/2025	05000	01000	9.05	NA	NA	182,56	32.37
02/02/2025	03000	05000	9.51	super	abarrotes	539,76	105.88
17/02/2025	05000	06000	1.06	pizza	comida	194.65	32.2
16/03/2025	05000	05000	11.41	tacos	comida	116.83	15.33
14/02/2025	06000	05000	1.65	sushi	comida	230.14	44.75
10/01/2025	05000	01000	7.7	tacos	comida	152.04	16.09
11/02/2025	05000	05000	14.14	NA	NA	184,25	20.8
24/01/2025	06000	06000	1.83	tacos	comida	122,64	13.83
18/01/2025	06000	01000	14.35	pizza	comida	153.36	29.35
22/03/2025	03000	03000	11.79	tacos	comida	125.82	20.59
25/03/2025	06000	01000	12.92	tacos	comida	113.35	12.81
28/02/2025	05000	03000	4.05	alcohol	abarrotes	410,45	738.84
09/01/2025	06000	01000	14.92	alcohol	abarrotes	397.6	757.54
22/02/2025	05000	06000	10.71	sushi	comida	200.26	20.12
11/01/2025	05000	05000	5.02	pizza	comida	221.61	22.53
08/01/2025	03000	03000	12.45	pizza	comida	190.23	25.8
05/01/2025	01000	03000	14.43	pizza	comida	159.35	24.19
29/01/2025	01000	06000	13.61	super	abarrotes	661.61	128.48
19/02/2025	06000	03000	2.78	super	abarrotes	612.92	99.82
11/03/2025	06000	05000	1.83	sushi	comida	302.01	41.25
15/03/2025	03000	05000	12.46	tacos	comida	120.02	20.71
26/01/2025	03000	06000	13.04	sushi	comida	212.86	41.28
14/03/2025	05000	06000	1.63	sushi	comida	287.22	50.92
11/01/2025	01000	03000	4.14	pizza	comida	236.12	29.45
06/01/2025	01000	05000	10.87	pizza	comida	250.53	33.34
17/03/2025	01000	03000	2.38	pizza	comida	223.49	39.57
24/03/2025	06000	05000	1.22	sushi	comida	239,8	25.79
25/02/2025	01000	01000	13.68	tacos	comida	111.01	15.14
27/01/2025	01000	05000	1.69	sushi	comida	233,39	45.16
09/03/2025	05000	01000	13.24	super	abarrotes	555.79	101.04
29/03/2025	06000	01000	2.69	sushi	comida	308.85	50.09
28/01/2025	03000	03000	6.66	pizza	comida	182.47	18.84
08/03/2025	05000	01000	4.22	super	abarrotes	787,52	106.18
09/02/2025	03000	01000	11.87	sushi	comida	208.26	32.92
06/01/2025	01000	03000	9.07	sushi	comida	226.68	28.13
05/02/2025	01000	06000	3.73	tacos	comida	136.27	26.06
24/02/2025	06000	01000	6.95	sushi	comida	237.93	41.73
17/02/2025	03000	05000	7.16	pizza	comida	245.63	29.46
10/01/2025	01000	06000	13.72	pizza	comida	192.35	28.05
25/01/2025	01000	03000	7.48	alcohol	abarrotes	428.33	826.97
07/02/2025	05000	03000	14.04	tacos	comida	111,85	20.18
25/01/2025	03000	05000	6.45	alcohol	abarrotes	313.17	618.63
04/01/2025	06000	03000	12.27	pizza	comida	222.74	26.94
20/03/2025	01000	01000	11.76	super	abarrotes	541.97	69.75
21/02/2025	03000	05000	5.77	sushi	comida	263.06	31.84
22/01/2025	06000	05000	14.13	sushi	comida	216.32	24.52
24/01/2025	03000	01000	8.05	sushi	comida	218.57	32.99
08/02/2025	03000	06000	5.54	sushi	comida	268.62	46.07
16/02/2025	01000	06000	7.2	NA	NA	116	20.89
01/03/2025	03000	01000	7.82	sushi	comida	197.16	22.36
04/03/2025	01000	05000	12.78	sushi	comida	287.48	31.34
06/02/2025	06000	06000	14.29	sushi	comida	254,88	27.5
15/02/2025	05000	06000	7.59	NA	NA	124.41	16.9
23/02/2025	06000	01000	6.19	super	abarrotes	516.23	72.27
16/02/2025	05000	01000	4.16	sushi	comida	304.82	49.27
20/03/2025	01000	06000	1.06	pizza	comida	210.33	21.89
16/01/2025	03000	01000	10.93	tacos	comida	79.67	10.26
19/01/2025	05000	05000	10.75	tacos	comida	116,12	13.79
13/03/2025	03000	03000	1.21	tacos	comida	105.38	15.25
31/01/2025	05000	01000	3.63	tacos	comida	158.76	31.35
06/02/2025	06000	01000	8.52	alcohol	abarrotes	376.27	752.59
17/02/2025	01000	05000	3.23	sushi	comida	244.88	37.19
01/03/2025	06000	01000	4.44	super	abarrotes	474.29	57.98
03/03/2025	06000	01000	13.91	pizza	comida	175.04	31.58
21/03/2025	05000	06000	6.08	tacos	comida	110.46	17.55
09/01/2025	06000	01000	14.9	tacos	comida	149.27	15.71
11/01/2025	03000	06000	11.16	sushi	comida	295,08	56.12
12/02/2025	05000	06000	3.09	tacos	comida	137.32	13.93
30/01/2025	05000	06000	9.29	super	abarrotes	503.95	92.16
02/03/2025	05000	01000	12.88	pizza	comida	191.84	35.13
15/03/2025	01000	06000	11.28	pizza	comida	151.51	27.83
24/02/2025	01000	01000	7.47	alcohol	abarrotes	444	875.58
02/03/2025	03000	03000	8.16	NA	NA	107	12.52
03/02/2025	06000	06000	8.79	tacos	comida	106.8	20.8
26/02/2025	05000	05000	3.81	NA	NA	193.84	21.45
07/02/2025	01000	05000	13.45	tacos	comida	111.55	20.66
25/03/2025	01000	01000	3.16	sushi	comida	235.63	39.17
04/03/2025	03000	06000	9.18	tacos	comida	137,29	13.91
15/02/2025	01000	06000	7.73	tacos	comida	123.43	23.12
19/03/2025	01000	01000	3.76	pizza	comida	228.2	43.03
11/03/2025	06000	05000	14.7	tacos	comida	149.88	27.46
18/01/2025	03000	03000	5.47	pizza	comida	186,41	21.52
02/01/2025	06000	06000	1.63	pizza	comida	211.58	35.68
13/03/2025	01000	01000	11.55	sushi	comida	341.37	50.02
16/03/2025	05000	05000	8.94	pizza	comida	187,56	35.59
21/01/2025	01000	06000	1.14	tacos	comida	171.18	27.44
26/02/2025	03000	03000	5.21	NA	NA	190,32	32.7
12/03/2025	05000	03000	13.09	sushi	comida	270.34	33.72
28/03/2025	03000	05000	4.25	tacos	comida	116.43	12.08
13/03/2025	01000	03000	1.82	sushi	comida	302.22	36.92
28/02/2025	05000	06000	10.95	pizza	comida	192.45	20.98
15/03/2025	06000	01000	8.12	sushi	comida	246.4	37.08
06/02/2025	03000	01000	6.67	pizza	comida	264.16	46.18
22/03/2025	03000	01000	6.94	alcohol	abarrotes	452,05	822.28
24/02/2025	01000	01000	13.8	pizza	comida	170.16	23.34
06/01/2025	03000	01000	13.63	tacos	comida	109.41	11.54
09/02/2025	06000	03000	4.05	pizza	comida	198.18	21.68
06/01/2025	06000	06000	9.05	pizza	comida	194.46	38.15
28/01/2025	06000	01000	1.57	tacos	comida	131.72	23.56
01/02/2025	05000	05000	8.57	tacos	comida	107.37	20.52
18/02/2025	06000	01000	2.58	tacos	comida	135.86	26.76
25/03/2025	06000	05000	11.6	tacos	comida	99.85	13.68
06/03/2025	01000	06000	2.56	pizza	comida	142.77	24.3
10/03/2025	06000	06000	3.86	pizza	comida	219,32	22.93
16/03/2025	03000	03000	11.75	sushi	comida	215.4	22.35
16/02/2025	03000	05000	6.91	NA	NA	113.22	20.91
20/01/2025	06000	06000	8.66	super	abarrotes	690.2	113.27
02/01/2025	05000	01000	13.33	NA	NA	471.06	1080.73
03/03/2025	01000	05000	11.19	NA	NA	81,53	9.58
04/03/2025	05000	03000	11.54	pizza	comida	197.47	22.35
03/03/2025	06000	01000	9.41	super	abarrotes	623,29	90.83
10/01/2025	01000	05000	2.41	pizza	comida	250.54	39.2
28/02/2025	01000	03000	12.57	tacos	comida	174.51	33.69
18/02/2025	06000	05000	11.34	sushi	comida	301.61	32.35
07/01/2025	03000	05000	13.36	sushi	comida	276.46	46.83
02/03/2025	05000	03000	2.18	alcohol	abarrotes	334.31	774.4
07/02/2025	05000	01000	12.61	pizza	comida	204.88	33.17
05/02/2025	01000	06000	4.85	pizza	comida	153.78	26.68
23/01/2025	03000	01000	5.68	tacos	comida	124.36	20.49
03/02/2025	06000	01000	13.42	sushi	comida	254.7	27.34
29/03/2025	03000	03000	3.68	sushi	comida	246.86	32.52
04/01/2025	05000	06000	1.17	tacos	comida	88.26	10.03
23/02/2025	06000	01000	10.87	sushi	comida	318.25	43.77
29/01/2025	06000	03000	1.53	NA	NA	104.75	14.27
27/02/2025	06000	01000	12.52	sushi	comida	214,39	31.91
28/03/2025	03000	03000	13.65	tacos	comida	143.24	18.53
16/03/2025	06000	06000	3.33	pizza	comida	172.33	18.41
25/02/2025	06000	05000	3.91	super	abarrotes	547.68	82.54
20/02/2025	03000	05000	12.14	pizza	comida	193.31	38.35
19/02/2025	01000	05000	13.5	sushi	comida	255.4	37.12
17/02/2025	01000	06000	4.41	sushi	comida	234.77	35.91
03/01/2025	01000	01000	7.06	tacos	comida	108.13	11.08
02/02/2025	01000	01000	6.57	NA	NA	110,05	11.41
03/02/2025	01000	03000	10.32	super	abarrotes	472.33	51.97
07/03/2025	06000	01000	5.27	alcohol	abarrotes	371.75	829.46
05/03/2025	01000	03000	12.09	alcohol	abarrotes	389.42	805.2
09/02/2025	05000	01000	5.78	sushi	comida	293.15	55.23
27/02/2025	01000	01000	4.6	tacos	comida	124.04	20.84
20/01/2025	05000	01000	1.06	sushi	comida	135.08	22.77
19/03/2025	01000	03000	6.32	sushi	comida	247.63	47.7
25/01/2025	01000	03000	9.39	pizza	comida	160,98	30.07
12/03/2025	01000	06000	5.75	pizza	comida	230.42	39.66
09/02/2025	05000	06000	3.46	tacos	comida	95,85	15.09
02/03/2025	03000	06000	14.97	sushi	comida	241.73	36.03
22/01/2025	01000	05000	4.72	tacos	comida	110.12	15.54
21/03/2025	05000	06000	8.7	pizza	comida	173.15	29.92
27/03/2025	05000	05000	2.89	alcohol	abarrotes	298.46	557.77
25/02/2025	01000	06000	10.55	NA	NA	290.83	506.02
02/02/2025	01000	05000	7.3	alcohol	abarrotes	294.54	612.46
05/03/2025	05000	01000	6.13	sushi	comida	213.14	21.55
22/02/2025	05000	01000	6.41	sushi	comida	293.87	36.64
31/01/2025	03000	03000	6.66	sushi	comida	248.24	34.84
15/02/2025	03000	01000	12.59	NA	NA	293.6	577.41
13/03/2025	01000	06000	13.82	pizza	comida	220.61	30.54
24/01/2025	01000	01000	11.66	sushi	comida	268.63	43.43
01/03/2025	06000	01000	6.14	sushi	comida	269,1	32.45
30/01/2025	05000	06000	10.68	pizza	comida	249,82	36.81
23/01/2025	01000	03000	8.11	pizza	comida	179.7	18.19
17/01/2025	03000	01000	1.27	sushi	comida	312,32	55.37
31/03/2025	01000	01000	10.06	sushi	comida	279.27	30.33
28/02/2025	06000	01000	9.72	sushi	comida	248.97	42.65
26/02/2025	01000	01000	5.66	pizza	comida	186.42	36.02
12/02/2025	03000	05000	1.37	pizza	comida	152.21	27.82
23/01/2025	05000	03000	14.65	tacos	comida	113.51	12.85
31/03/2025	05000	03000	14.88	NA	NA	292,55	44.64
14/02/2025	03000	01000	2.07	NA	NA	233.03	34.75
08/01/2025	06000	06000	8.53	tacos	comida	113.65	11.83
20/03/2025	01000	03000	14.69	sushi	comida	288	39.36
05/02/2025	03000	06000	2.54	tacos	comida	129.75	21.22
08/03/2025	01000	03000	6.08	tacos	comida	129.49	25.3
08/02/2025	03000	01000	8	super	abarrotes	732.68	116.23
02/02/2025	03000	05000	13.78	sushi	comida	194.06	30.22
07/02/2025	01000	05000	9.01	tacos	comida	119.76	14.21
31/03/2025	03000	03000	1.32	pizza	comida	191,55	37.9
28/01/2025	01000	06000	12.97	super	abarrotes	705.06	92.46
31/03/2025	05000	05000	12.63	pizza	comida	230.76	42.74
22/03/2025	03000	03000	13.29	pizza	comida	209,68	38.55
28/03/2025	05000	01000	12.33	super	abarrotes	423.95	44.98
22/02/2025	01000	01000	1	super	abarrotes	484.46	50.5
10/01/2025	06000	05000	2.43	super	abarrotes	797.05	122.99
10/02/2025	01000	06000	12.69	pizza	comida	192.8	31.92
08/01/2025	05000	03000	4.1	super	abarrotes	433,55	72.69
01/01/2025	03000	03000	1.43	tacos	comida	135.78	17.34
21/03/2025	03000	06000	9.07	sushi	comida	233.19	29.47
07/03/2025	03000	06000	11.6	sushi	comida	223,22	25.71
19/03/2025	05000	05000	13.23	NA	NA	111.68	15.07
12/01/2025	01000	05000	1.85	tacos	comida	135.9	17.01
31/03/2025	05000	06000	4.11	NA	NA	258.79	39.1
13/03/2025	01000	05000	6.8	tacos	comida	162.23	19.56
10/02/2025	03000	03000	6.76	super	abarrotes	628,58	64.55
08/01/2025	03000	06000	9.11	pizza	comida	213.84	33.57
26/02/2025	03000	01000	14.19	sushi	comida	249.55	25.36
14/03/2025	06000	03000	14.83	pizza	comida	138.6	19.09
21/02/2025	06000	01000	2.82	tacos	comida	119.96	14.83
08/03/2025	03000	05000	4.85	super	abarrotes	788.17	136.57
09/02/2025	01000	06000	12.6	pizza	comida	194.34	32.43
02/01/2025	06000	05000	14.88	tacos	comida	121.86	14.11
06/03/2025	03000	03000	10.42	pizza	comida	201.51	37.69
14/03/2025	03000	01000	2.08	NA	NA	214.33	32.53
07/01/2025	05000	06000	2.88	NA	NA	282.96	28.51
18/03/2025	06000	01000	5.73	pizza	comida	141.48	23.6
29/01/2025	05000	06000	4.53	pizza	comida	214,39	30.32
20/01/2025	03000	01000	4.51	sushi	comida	266,39	45.03
19/03/2025	05000	06000	11.97	NA	NA	391.4	715.3
21/03/2025	03000	05000	3.43	tacos	comida	124,68	22.73
07/01/2025	05000	03000	9.38	alcohol	abarrotes	414.33	795.96
14/02/2025	01000	05000	10.68	super	abarrotes	614.96	94.37
17/03/2025	01000	01000	13.92	sushi	comida	220.77	40.6
25/01/2025	05000	05000	10.66	sushi	comida	209.63	25.88
13/01/2025	06000	06000	4.83	NA	NA	207.26	41
25/03/2025	01000	01000	1.15	pizza	comida	235,81	41.75
10/01/2025	06000	03000	1.61	tacos	comida	139.75	19.15
10/02/2025	03000	05000	3.35	sushi	comida	225.65	36.43
12/01/2025	03000	06000	12.94	tacos	comida	108.73	16.52
08/01/2025	06000	03000	1.64	tacos	comida	137,24	21.99
12/03/2025	05000	06000	4.8	alcohol	abarrotes	488,53	1029.76
15/01/2025	05000	05000	13.45	sushi	comida	257.74	35.18
24/03/2025	01000	01000	8.67	alcohol	abarrotes	524,12	1156.96
18/02/2025	06000	05000	12.27	super	abarrotes	673.85	91.52
08/02/2025	05000	06000	14.4	sushi	comida	259.43	38.59
28/03/2025	05000	05000	10.66	super	abarrotes	606,83	66.75
04/02/2025	06000	03000	6.62	tacos	comida	147.07	25.9
06/01/2025	05000	05000	14.59	super	abarrotes	648.3	103.34
12/03/2025	01000	05000	14.15	NA	NA	85.88	14.41
04/01/2025	03000	06000	8.26	tacos	comida	116.21	13.41
15/03/2025	05000	01000	2.91	alcohol	abarrotes	346,58	691.67
22/03/2025	06000	05000	9.77	tacos	comida	99.75	14.37
17/02/2025	01000	01000	12.52	pizza	comida	216.3	33.85
08/01/2025	06000	06000	2.91	pizza	comida	215.56	41.3
22/02/2025	01000	05000	9.36	NA	NA	282,58	30.91
08/03/2025	03000	03000	14.76	sushi	comida	247.98	47.22
22/02/2025	03000	06000	4.23	super	abarrotes	489.86	75.42
14/01/2025	01000	03000	6.84	sushi	comida	228.7	37.6
28/01/2025	03000	06000	2.4	tacos	comida	105.64	17.13
06/01/2025	01000	05000	4.9	sushi	comida	206,61	38.04
09/01/2025	05000	01000	8.43	NA	NA	696.2	81.18
02/02/2025	05000	01000	5.4	tacos	comida	88.73	13.24
15/02/2025	03000	06000	9.41	alcohol	abarrotes	298.09	594.02
05/03/2025	06000	05000	14.82	pizza	comida	202,44	27.57
19/01/2025	01000	03000	9.53	sushi	comida	200.93	30.62
01/01/2025	06000	06000	3.04	tacos	comida	141.03	15.95
21/02/2025	03000	01000	10.86	alcohol	abarrotes	293,88	618.93
09/03/2025	01000	05000	10.51	tacos	comida	126.22	23.95
31/03/2025	06000	03000	5.52	pizza	comida	223.86	34.53
16/03/2025	01000	03000	6.93	tacos	comida	64.74	12.2
05/01/2025	01000	03000	5.26	tacos	comida	115,44	22.78
19/01/2025	05000	05000	12.66	NA	NA	460.67	879.53
04/02/2025	01000	06000	9.31	pizza	comida	214.56	27.22
02/02/2025	03000	03000	12.3	pizza	comida	182,76	20.32
10/03/2025	03000	05000	5.12	NA	NA	116.23	14.96
02/03/2025	01000	03000	2.98	tacos	comida	137.12	15.13
23/01/2025	05000	01000	13.44	sushi	comida	225.18	26.15
10/02/2025	01000	01000	1.12	pizza	comida	273.57	46.95
30/03/2025	03000	01000	8.97	super	abarrotes	508.42	101.52
04/03/2025	05000	06000	14.55	sushi	comida	286.27	45.45
18/02/2025	01000	03000	4.77	sushi	comida	210.16	25.96
26/03/2025	01000	05000	14.78	alcohol	abarrotes	321.03	545.57
10/03/2025	03000	05000	1.5	sushi	comida	328.69	62.74
05/03/2025	03000	05000	4.61	alcohol	abarrotes	384.75	648.33
17/03/2025	05000	06000	4.64	super	abarrotes	519.18	57.69
02/01/2025	03000	06000	14.27	alcohol	abarrotes	331.77	640.23
18/01/2025	05000	03000	14.71	tacos	comida	107.64	20.66
04/01/2025	03000	03000	11.28	sushi	comida	291.1	55.13
28/03/2025	06000	01000	5.02	alcohol	abarrotes	331.55	815.13
13/03/2025	06000	06000	6.73	pizza	comida	178.78	23.35
06/03/2025	06000	03000	3.82	alcohol	abarrotes	391.73	923.65
16/03/2025	01000	05000	11.73	alcohol	abarrotes	280.7	445.07
11/01/2025	01000	01000	11.4	pizza	comida	262.75	42.59
20/03/2025	01000	03000	7.98	sushi	comida	316,42	44.32
20/03/2025	03000	05000	10.39	pizza	comida	207.47	38.83
26/02/2025	01000	01000	11.53	NA	NA	250.81	25.25
25/02/2025	06000	05000	11.83	sushi	comida	234.24	42.74
15/01/2025	05000	05000	9.47	super	abarrotes	770.93	146.83
20/03/2025	03000	05000	6.47	pizza	comida	190.94	30.33
21/02/2025	06000	01000	10.39	super	abarrotes	672.72	82.96
02/03/2025	05000	01000	13.17	NA	NA	178.21	23.85
30/03/2025	06000	05000	7.11	pizza	comida	173,67	17.67
05/02/2025	05000	03000	2.69	NA	NA	160,24	16.82
03/01/2025	03000	06000	9.67	tacos	comida	126.6	18.31
07/01/2025	05000	05000	7.73	tacos	comida	140.33	16.33
09/03/2025	06000	01000	13.93	super	abarrotes	614,1	80.1
22/02/2025	05000	01000	4.37	super	abarrotes	656.16	74.41
24/01/2025	05000	06000	11.87	NA	NA	129.92	22.64
09/03/2025	05000	06000	11.53	super	abarrotes	439.75	76.05
08/03/2025	03000	06000	10.47	super	abarrotes	769,19	116.53
11/01/2025	03000	01000	8.72	super	abarrotes	679.88	90.72
15/03/2025	05000	01000	9.37	tacos	comida	133.81	22.89
28/03/2025	06000	01000	13.13	NA	NA	398.96	743.88
05/01/2025	01000	06000	7.93	NA	NA	365.12	780.28
29/03/2025	03000	05000	14.72	sushi	comida	284.13	50.56
01/02/2025	03000	05000	1.97	super	abarrotes	625.01	122.2
30/03/2025	03000	06000	8.78	super	abarrotes	753.44	136.54
11/01/2025	06000	06000	3.65	NA	NA	294.68	36.12
15/03/2025	01000	05000	5.15	tacos	comida	121,5	23.9
20/03/2025	01000	06000	12.77	super	abarrotes	599	92.15
01/03/2025	01000	05000	3.87	sushi	comida	209,93	28.21
31/01/2025	01000	03000	9.16	tacos	comida	116.62	16.06
15/03/2025	03000	05000	6.55	super	abarrotes	619.38	85.14
14/02/2025	03000	05000	5.28	alcohol	abarrotes	347.58	622.07
28/02/2025	06000	01000	7.61	tacos	comida	101.46	12.64
24/01/2025	03000	01000	11.41	tacos	comida	129.71	23.62
04/02/2025	03000	06000	14.68	NA	NA	201.92	38.5
10/01/2025	05000	03000	3.19	super	abarrotes	663.34	90.9
05/03/2025	03000	01000	2.81	tacos	comida	121,88	16.28
13/03/2025	03000	05000	9.13	pizza	comida	226.67	27.52
13/02/2025	01000	03000	2.92	sushi	comida	251,93	37.22
11/02/2025	05000	01000	3.83	super	abarrotes	578,88	88.68
01/02/2025	05000	05000	5.78	sushi	comida	269,06	34.23
08/02/2025	06000	01000	4.72	tacos	comida	107.45	17.18
07/01/2025	01000	01000	11.1	sushi	comida	200.95	28.11
07/02/2025	03000	05000	10.74	super	abarrotes	707,11	93.47
17/01/2025	05000	06000	12.12	tacos	comida	101,29	16.39
25/03/2025	03000	06000	4.84	sushi	comida	229.54	36.79
02/02/2025	01000	05000	3.55	pizza	comida	175,7	20.63
15/03/2025	01000	03000	7.48	NA	NA	197,23	25.58
15/03/2025	05000	06000	8.71	pizza	comida	185.37	33.87
02/01/2025	01000	01000	9.72	pizza	comida	180.77	23
20/03/2025	01000	06000	7.76	pizza	comida	159,86	17.91
28/03/2025	03000	05000	2.82	super	abarrotes	536.92	76.99
07/03/2025	03000	05000	13.38	sushi	comida	239.62	43.2
11/03/2025	03000	03000	14.88	NA	NA	105.36	11.29
28/02/2025	05000	06000	13.07	super	abarrotes	521.27	65.02
16/02/2025	05000	05000	12.93	super	abarrotes	528,97	56.3
09/01/2025	03000	06000	6.28	super	abarrotes	502.03	59.31
23/01/2025	05000	06000	9.64	tacos	comida	161.57	31.02
25/01/2025	06000	05000	8.26	tacos	comida	120.97	22.69
15/01/2025	01000	05000	1.52	pizza	comida	202,03	35.39
27/03/2025	01000	01000	11.4	NA	NA	693,78	103.71
13/03/2025	05000	03000	12.79	sushi	comida	287.61	33.35
21/01/2025	03000	05000	1.69	tacos	comida	112.66	17.86
17/02/2025	05000	06000	13.51	sushi	comida	208,24	40.93
14/03/2025	03000	05000	6.29	sushi	comida	156.35	30.04
12/02/2025	01000	03000	10.74	NA	NA	206.68	36.82
25/02/2025	06000	05000	11.04	tacos	comida	128.7	22.91
16/03/2025	01000	01000	10.56	sushi	comida	298.36	46.62
04/01/2025	03000	01000	5.21	sushi	comida	257.21	37.74
12/03/2025	05000	06000	5.24	sushi	comida	262,64	44.87
25/02/2025	05000	05000	7.67	alcohol	abarrotes	376.82	736.83
19/02/2025	03000	03000	1.68	pizza	comida	156.01	26.54
11/01/2025	06000	03000	7.88	pizza	comida	209.53	33.61
16/03/2025	01000	01000	9.24	tacos	comida	115.76	19.61
01/03/2025	01000	01000	4.28	pizza	comida	160,21	21.69
26/03/2025	05000	01000	14.5	super	abarrotes	560.09	97.48
15/03/2025	03000	06000	3.24	tacos	comida	120.6	21.67
08/03/2025	01000	06000	9.05	tacos	comida	125,64	13.27
27/02/2025	03000	05000	6.89	pizza	comida	214.18	24.21
09/02/2025	03000	06000	2.71	super	abarrotes	558,93	65.12
13/01/2025	05000	01000	6.1	pizza	comida	228,02	28.41
08/01/2025	03000	01000	14.98	sushi	comida	322,03	35.31
02/01/2025	03000	05000	12.17	super	abarrotes	661.53	132.16
06/01/2025	03000	03000	5.9	sushi	comida	211.53	23.7
28/03/2025	05000	05000	14.12	tacos	comida	139.46	26.63
17/01/2025	06000	03000	10.98	pizza	comida	186.59	20.19
01/02/2025	03000	05000	7.93	super	abarrotes	515.6	58.94
19/03/2025	06000	05000	12.37	super	abarrotes	671.59	122.85
12/03/2025	06000	05000	10.17	NA	NA	127.27	16.62
18/03/2025	06000	01000	6.05	tacos	comida	128.62	22.14
13/03/2025	03000	06000	7.61	alcohol	abarrotes	295,46	639.7
16/03/2025	01000	06000	9.38	NA	NA	122.81	18.9
17/01/2025	03000	03000	11.17	NA	NA	113.59	13.94
12/03/2025	05000	05000	5.98	sushi	comida	259.27	51.34
24/02/2025	05000	01000	9.21	super	abarrotes	555.61	100.59
19/01/2025	05000	05000	8.23	super	abarrotes	553.63	102.68
15/01/2025	06000	05000	9.31	pizza	comida	198.7	31.76
15/02/2025	01000	05000	13.44	sushi	comida	182.08	31.63
14/01/2025	05000	01000	13.14	tacos	comida	77.55	15.08
31/03/2025	05000	06000	12.64	super	abarrotes	621.21	95.16
27/01/2025	05000	05000	3.26	super	abarrotes	579.2	84.39
22/03/2025	05000	01000	5.64	sushi	comida	272.74	40.63
02/02/2025	03000	05000	13.97	NA	NA	201.93	36.62
19/02/2025	05000	06000	13.95	sushi	comida	195.51	32.91
18/01/2025	06000	05000	9.91	super	abarrotes	550.48	89.97
20/01/2025	01000	06000	12.1	alcohol	abarrotes	492.71	978.51
11/02/2025	05000	05000	9	pizza	comida	198.25	21.38
15/03/2025	03000	01000	1.55	super	abarrotes	615.81	99.77
22/02/2025	06000	01000	5.03	super	abarrotes	421.61	45.57
04/03/2025	01000	05000	7.73	sushi	comida	223.13	39.66
14/03/2025	05000	01000	7.09	pizza	comida	190.76	29.22
31/01/2025	01000	03000	14.05	NA	NA	242.03	39
24/03/2025	06000	05000	10.04	super	abarrotes	635.38	65.96
24/02/2025	05000	01000	1.01	pizza	comida	177.47	25.29
18/01/2025	03000	01000	1.27	NA	NA	219.44	25.79
13/02/2025	01000	06000	5.16	alcohol	abarrotes	450.76	841.79
21/01/2025	06000	01000	4.83	pizza	comida	199.05	34.86
29/01/2025	03000	06000	12.61	tacos	comida	130.88	15.87
05/02/2025	06000	05000	11.09	pizza	comida	193.59	33.96
25/03/2025	05000	05000	10.53	sushi	comida	278.65	32.54
23/01/2025	06000	05000	6.38	super	abarrotes	510.33	67.55
11/02/2025	05000	06000	3.59	sushi	comida	257,61	32.88
10/03/2025	03000	06000	3.96	sushi	comida	298.04	45.31
07/03/2025	03000	03000	10.85	tacos	comida	138.47	25.25
23/03/2025	06000	06000	4.67	pizza	comida	201,34	22.56
17/03/2025	06000	01000	4.17	tacos	comida	122.8	20.69
03/03/2025	01000	03000	9.3	sushi	comida	189.85	27.67
05/03/2025	05000	06000	3.06	sushi	comida	182.58	34.51
18/03/2025	03000	03000	1.71	super	abarrotes	804.71	146.13
20/02/2025	05000	05000	1.19	tacos	comida	150.75	15.46
18/01/2025	05000	05000	12.31	NA	NA	262.27	49.77
10/01/2025	01000	03000	12.24	sushi	comida	240.43	24.24
14/03/2025	05000	05000	1.21	alcohol	abarrotes	334.74	767.19
27/03/2025	05000	01000	9.33	sushi	comida	183.66	30.88
24/03/2025	03000	06000	5.3	super	abarrotes	550,89	75.01
13/03/2025	05000	06000	9.49	tacos	comida	134.07	15.93
02/01/2025	06000	05000	4.02	sushi	comida	338.91	48.83
12/02/2025	05000	01000	14.27	pizza	comida	173.79	29.73
05/01/2025	06000	06000	2.48	super	abarrotes	606.69	94.81
26/03/2025	05000	03000	2.67	sushi	comida	207.05	27.73
27/01/2025	05000	06000	2.97	sushi	comida	179,08	19.75
23/01/2025	01000	06000	5.1	sushi	comida	253.11	39.23
03/01/2025	01000	01000	9.38	pizza	comida	196.3	30.7
15/01/2025	06000	03000	3.93	tacos	comida	102.33	19.72
27/02/2025	06000	05000	7.33	pizza	comida	186,62	31.66
07/01/2025	03000	01000	7.34	pizza	comida	105.99	18.51
03/02/2025	01000	01000	6.34	pizza	comida	186.86	36.34
31/01/2025	05000	01000	14.83	sushi	comida	243.67	35.7
23/03/2025	06000	01000	1.14	sushi	comida	310,93	35
18/01/2025	01000	05000	13.12	sushi	comida	255.26	32.35
15/02/2025	05000	01000	2.3	tacos	comida	95,46	16.36
09/01/2025	05000	03000	3.55	sushi	comida	261.85	27.46
20/03/2025	05000	01000	7.27	tacos	comida	159,46	21.94
17/01/2025	03000	05000	11.21	sushi	comida	259.53	44.62
07/01/2025	01000	05000	3.66	sushi	comida	194.01	20.26
08/01/2025	01000	05000	2.95	tacos	comida	130,67	16.51
06/03/2025	05000	05000	3.98	super	abarrotes	445.45	87.99
09/01/2025	01000	01000	3.36	NA	NA	119.15	12.8
25/01/2025	03000	06000	12.94	sushi	comida	294.16	34
02/01/2025	05000	03000	11.36	pizza	comida	182.52	36.29
11/01/2025	06000	01000	8.98	tacos	comida	106.88	13.31
09/03/2025	03000	03000	12.97	tacos	comida	110.53	11.2
09/02/2025	01000	03000	3.08	alcohol	abarrotes	378.01	830.87
20/01/2025	05000	06000	6.28	alcohol	abarrotes	486.09	1000.3
11/01/2025	03000	05000	5.48	super	abarrotes	621,73	100.61
18/01/2025	03000	03000	1.42	tacos	comida	123.72	22.61
23/02/2025	06000	01000	6.43	alcohol	abarrotes	453.08	845.9
14/01/2025	01000	05000	10.93	super	abarrotes	624.03	76.49
08/03/2025	01000	01000	4.47	super	abarrotes	804.76	85.68
08/03/2025	06000	05000	10.07	tacos	comida	111.57	14.2
08/02/2025	05000	06000	3.35	sushi	comida	236,88	29.18
23/01/2025	06000	01000	11.81	NA	NA	163.36	23.76
20/03/2025	03000	03000	7.71	sushi	comida	172.75	30.02
28/03/2025	01000	05000	1.85	super	abarrotes	628.41	109.94
29/03/2025	06000	06000	11.79	tacos	comida	162,55	19.22
09/02/2025	06000	03000	13.28	super	abarrotes	546.24	90.19
02/02/2025	01000	05000	9.26	super	abarrotes	510.06	80.87
06/02/2025	06000	06000	9.54	super	abarrotes	635.87	116.91
01/03/2025	05000	06000	6.89	alcohol	abarrotes	412,69	853.59
29/01/2025	05000	03000	1.68	sushi	comida	238.21	36.59
11/03/2025	06000	06000	10.11	tacos	comida	90,65	16.54
25/01/2025	01000	03000	8.03	tacos	comida	110,36	16.61
11/02/2025	06000	03000	12.01	tacos	comida	125.52	21.75
26/01/2025	03000	05000	8.66	sushi	comida	322.84	56.04
29/03/2025	01000	06000	7.22	super	abarrotes	734.03	120.33
13/02/2025	05000	06000	12.73	super	abarrotes	711.74	120.36
08/01/2025	01000	03000	10.46	NA	NA	131.58	24.3
16/01/2025	05000	03000	1.72	pizza	comida	144,69	23.44
08/02/2025	03000	06000	2.76	alcohol	abarrotes	393,85	870.83
06/03/2025	06000	05000	12.57	sushi	comida	262.58	27.72
27/02/2025	01000	06000	6.62	pizza	comida	200.42	24.15
30/03/2025	05000	05000	8.07	pizza	comida	196.36	24.09
25/02/2025	06000	05000	5.72	tacos	comida	104.22	14.24
12/02/2025	06000	06000	9.73	sushi	comida	247.12	48.16
08/03/2025	05000	03000	9.09	pizza	comida	215.52	26.89
25/02/2025	05000	05000	4.11	super	abarrotes	555.24	80.71
22/01/2025	03000	01000	9.95	pizza	comida	190,57	23.36
17/01/2025	06000	03000	5.99	super	abarrotes	613.36	75.21
25/03/2025	03000	03000	7.31	tacos	comida	91.52	17.26
14/01/2025	06000	03000	6.61	sushi	comida	262.66	36.31
05/03/2025	01000	06000	4.1	sushi	comida	252.91	46.6
24/01/2025	03000	05000	4.47	super	abarrotes	634.87	64.14
08/01/2025	03000	01000	3.47	sushi	comida	245.12	40.18
20/01/2025	06000	06000	7.05	pizza	comida	148.13	28.55
15/03/2025	03000	01000	9.54	tacos	comida	109.47	16.45
27/03/2025	03000	06000	6.73	NA	NA	602,46	90.49
19/02/2025	05000	05000	13.78	pizza	comida	199.34	29.81
17/01/2025	05000	01000	4.93	NA	NA	231.86	33.3
09/01/2025	01000	03000	4.02	super	abarrotes	595,49	77.64
04/02/2025	03000	01000	8.73	pizza	comida	244,87	39.59
26/03/2025	05000	06000	5.9	alcohol	abarrotes	372.91	751.58
04/03/2025	01000	01000	14.13	tacos	comida	144.08	21.9
26/02/2025	03000	05000	9.81	tacos	comida	122.86	13.36
16/01/2025	01000	01000	7.12	sushi	comida	249.69	30.91
21/02/2025	03000	01000	5.05	super	abarrotes	651.39	73.08
31/03/2025	05000	03000	1.51	pizza	comida	171,02	20.73
04/02/2025	06000	06000	8.68	tacos	comida	123.7	21.61
23/02/2025	05000	03000	5.49	tacos	comida	152.39	18.17
26/01/2025	05000	05000	7.73	super	abarrotes	612.09	73.62
13/01/2025	06000	05000	12.33	tacos	comida	133.79	16.23
05/02/2025	01000	06000	4.06	pizza	comida	198,4	35.3
16/02/2025	01000	05000	2.25	sushi	comida	241.43	36.26
25/01/2025	03000	06000	12.16	NA	NA	317.49	599.36
28/01/2025	06000	05000	3.44	pizza	comida	201.54	32.44
29/01/2025	01000	05000	12.22	NA	NA	132,64	21.09
18/03/2025	03000	03000	1.52	pizza	comida	172.04	18.14
13/02/2025	05000	01000	12.86	pizza	comida	209.49	29.64
23/02/2025	03000	06000	12.5	sushi	comida	161.88	21.02
26/03/2025	01000	06000	13.57	NA	NA	178.73	23.5
25/01/2025	05000	06000	6.24	sushi	comida	236.9	42.69
29/01/2025	01000	06000	5.29	super	abarrotes	496,74	97.12
20/01/2025	01000	03000	13.87	sushi	comida	259.15	37.19
13/01/2025	06000	06000	5.5	sushi	comida	223.92	30.2
18/03/2025	05000	05000	13.95	super	abarrotes	528.9	94.66
04/02/2025	01000	05000	9.44	super	abarrotes	493.28	98.31
24/02/2025	06000	03000	9.14	pizza	comida	166.72	21.41
05/01/2025	05000	06000	11.3	NA	NA	262.29	41.91
25/02/2025	01000	03000	6.6	pizza	comida	174.69	34.93
18/03/2025	06000	03000	6.14	sushi	comida	163.68	24.83
28/03/2025	06000	03000	7.04	tacos	comida	107,83	14.9
13/02/2025	03000	03000	5.7	pizza	comida	164.87	28.31
13/03/2025	06000	05000	10.77	tacos	comida	140.68	27.86
07/02/2025	06000	05000	4.75	tacos	comida	113.51	20.07
24/01/2025	06000	03000	12.95	tacos	comida	132.03	21.31
21/03/2025	06000	05000	14.03	sushi	comida	282.61	29.83
16/03/2025	01000	01000	7.51	sushi	comida	268.32	33.98
28/03/2025	03000	06000	1.08	super	abarrotes	281.99	40.88
17/02/2025	05000	01000	14.17	sushi	comida	151.03	25.54
15/01/2025	01000	06000	7.07	alcohol	abarrotes	428.25	845.17
06/03/2025	05000	05000	12.66	sushi	comida	141.44	24.17
23/02/2025	06000	03000	8.21	super	abarrotes	415.19	45.63
10/01/2025	03000	01000	7.72	sushi	comida	253,88	49.36
27/03/2025	03000	06000	3.03	sushi	comida	257.36	29.11
11/02/2025	06000	05000	1.81	tacos	comida	115,68	18.82
10/02/2025	05000	03000	10.1	pizza	comida	181.96	23.36
25/01/2025	06000	06000	6.23	tacos	comida	100.46	13.06
21/02/2025	05000	05000	1.34	pizza	comida	166,8	28.43
06/02/2025	06000	01000	2.05	tacos	comida	150.89	19.86
27/01/2025	03000	03000	12.62	tacos	comida	115.75	15.24
14/03/2025	05000	03000	11.28	sushi	comida	242.76	37.35
24/03/2025	03000	05000	1.67	pizza	comida	164.14	19.38
04/02/2025	06000	03000	11.15	pizza	comida	196,02	36.87
03/02/2025	01000	06000	1.19	tacos	comida	132,42	14.14
04/03/2025	05000	05000	9.55	sushi	comida	236.11	32.87
28/03/2025	03000	05000	4.12	tacos	comida	134.45	13.96
17/03/2025	03000	05000	9.69	tacos	comida	104.47	20.76
20/03/2025	03000	03000	8.9	NA	NA	305,42	53.83
18/02/2025	06000	06000	8.1	sushi	comida	218.93	32.5
04/02/2025	03000	05000	4.6	tacos	comida	97,58	17.44
29/01/2025	03000	03000	6.02	super	abarrotes	580.4	71.67
12/03/2025	05000	06000	5.03	sushi	comida	171.32	18.83
14/02/2025	06000	05000	3.66	tacos	comida	116.01	22.86
03/02/2025	03000	05000	9.83	tacos	comida	110,45	12.67
14/03/2025	05000	06000	1.15	alcohol	abarrotes	309,59	508.99
16/02/2025	01000	01000	3.03	pizza	comida	251.71	38.49
01/01/2025	06000	06000	8.13	pizza	comida	193.37	36.96
10/01/2025	06000	01000	7.52	pizza	comida	162.12	32.09
10/02/2025	06000	06000	8.29	super	abarrotes	504.26	91.23
10/02/2025	06000	03000	10.67	pizza	comida	239.25	46.91
08/02/2025	01000	03000	15	NA	NA	734.12	94.3
28/03/2025	01000	05000	14.28	tacos	comida	101.26	13.78
06/01/2025	05000	06000	14.33	sushi	comida	233,15	37.95
01/02/2025	05000	06000	10.58	super	abarrotes	517,97	63.74
02/03/2025	05000	03000	11.31	sushi	comida	257.86	46.96
21/03/2025	06000	06000	14.4	alcohol	abarrotes	364.86	827.95
31/03/2025	03000	06000	3.9	sushi	comida	148.26	23.82
16/01/2025	03000	06000	10.45	pizza	comida	199.25	38.49
02/01/2025	06000	03000	2.37	pizza	comida	204.35	24.93
03/02/2025	06000	03000	7.98	pizza	comida	239.94	25.19
19/03/2025	06000	03000	11.61	sushi	comida	146.57	21.31
30/01/2025	06000	03000	1.17	pizza	comida	169.55	18.99
28/01/2025	06000	03000	3.24	sushi	comida	231.52	28.06
26/03/2025	06000	05000	2.54	NA	NA	144.94	25.61
28/03/2025	06000	05000	12.24	NA	NA	249.52	36.82
27/02/2025	05000	01000	6.25	pizza	comida	212.22	30.47
30/01/2025	03000	06000	9.83	pizza	comida	169.06	28.25
30/03/2025	01000	01000	11.67	pizza	comida	203.05	20.41
08/02/2025	01000	01000	4.48	sushi	comida	303.48	40.06
11/03/2025	01000	05000	6.23	pizza	comida	194.33	30.08
09/03/2025	03000	01000	5.75	NA	NA	672.4	104.12
08/03/2025	01000	05000	10.89	sushi	comida	305.74	59.47
15/02/2025	06000	01000	9	sushi	comida	199.12	30.73
28/02/2025	01000	01000	3.01	super	abarrotes	488,87	73.82
17/02/2025	05000	01000	5.15	sushi	comida	290,43	32.17
10/01/2025	05000	01000	6.49	sushi	comida	181.92	33
28/01/2025	03000	03000	8.31	pizza	comida	209.75	36.96
17/03/2025	06000	06000	9.2	tacos	comida	113.77	13.6
08/03/2025	01000	03000	5.33	sushi	comida	204.26	30.51
01/01/2025	05000	03000	6.04	sushi	comida	153.94	22.47
13/02/2025	05000	03000	14.01	pizza	comida	186.01	28.04
18/02/2025	05000	06000	8.63	pizza	comida	168.27	30.77
02/02/2025	06000	01000	9.25	pizza	comida	235,08	33.18
05/02/2025	01000	05000	4.52	super	abarrotes	693.69	100.01
13/01/2025	03000	05000	6.44	pizza	comida	225.25	44.08
20/03/2025	06000	05000	10.04	pizza	comida	182.01	26.83
18/03/2025	05000	03000	6.11	sushi	comida	194.33	37.32
15/02/2025	05000	06000	7.55	tacos	comida	125.39	19.72
18/01/2025	01000	06000	3.48	tacos	comida	118.79	20.56
19/02/2025	05000	05000	7.74	pizza	comida	209.68	24.24
26/01/2025	05000	03000	14.04	pizza	comida	197,7	33.5
05/02/2025	06000	06000	1.36	tacos	comida	135,12	16.29
05/02/2025	01000	01000	6.36	sushi	comida	268,31	41.6
25/02/2025	06000	01000	4.5	NA	NA	108.32	14.41
26/02/2025	01000	03000	9.09	sushi	comida	217.53	32.72
03/01/2025	01000	03000	1.95	tacos	comida	84.53	9.84
30/03/2025	06000	03000	10.11	sushi	comida	221.25	35.95
11/01/2025	03000	01000	1.76	tacos	comida	88.35	16.55
20/02/2025	01000	05000	5.07	NA	NA	110.46	20.32
30/01/2025	05000	06000	5.35	super	abarrotes	788.67	93.85
16/01/2025	06000	01000	7.18	tacos	comida	121.99	20.14
11/01/2025	01000	05000	7.11	tacos	comida	145.89	21.21
07/03/2025	06000	01000	14.89	sushi	comida	265.43	32.82
22/01/2025	01000	06000	9.56	sushi	comida	321.25	61.43
17/01/2025	05000	01000	5.41	super	abarrotes	734.75	97.45
05/01/2025	06000	05000	13.07	pizza	comida	228.93	30.52
20/03/2025	05000	06000	5.73	tacos	comida	97.87	14.92
03/03/2025	01000	03000	10.4	super	abarrotes	522.91	64.53
04/02/2025	03000	06000	13.59	alcohol	abarrotes	359.31	761.08
22/01/2025	01000	01000	12.82	sushi	comida	174,09	27.61
04/03/2025	06000	06000	2.25	NA	NA	630.45	72.16
30/03/2025	01000	05000	5.19	tacos	comida	120.46	18.21
15/01/2025	06000	05000	8.43	super	abarrotes	612,42	96.45
04/02/2025	03000	06000	6.31	sushi	comida	198.85	31.41
30/01/2025	03000	03000	12.83	super	abarrotes	635.67	83.91
03/02/2025	05000	06000	13.06	tacos	comida	135,83	15.94
10/03/2025	06000	03000	10.54	super	abarrotes	546.3	65.82
10/03/2025	03000	05000	8.01	super	abarrotes	748.29	93.33
12/03/2025	03000	06000	12.21	super	abarrotes	676.58	97.82
02/01/2025	05000	06000	1.65	NA	NA	119,85	20.69
21/03/2025	03000	05000	4.66	tacos	comida	116.65	12.02
23/01/2025	01000	01000	3.78	sushi	comida	190.34	19.11
28/03/2025	06000	03000	12.43	sushi	comida	256.44	33.32
29/03/2025	01000	01000	12.8	tacos	comida	149.74	28.28
21/01/2025	01000	01000	12.66	pizza	comida	228.25	32.32
23/03/2025	05000	05000	4.79	tacos	comida	142,08	22.87
19/01/2025	06000	06000	1.27	super	abarrotes	598,26	65.28
09/01/2025	03000	01000	9.83	pizza	comida	180.36	19.21
24/03/2025	06000	03000	11.47	super	abarrotes	521.96	88.4
03/03/2025	05000	03000	8.08	alcohol	abarrotes	299.59	568.73
24/03/2025	06000	05000	6.1	pizza	comida	251.18	49.09
10/03/2025	06000	03000	5.34	alcohol	abarrotes	333.77	650.79
14/02/2025	05000	05000	6.03	sushi	comida	259.76	51.14
21/03/2025	03000	05000	6.08	sushi	comida	229.04	42.59
01/02/2025	03000	06000	8.54	alcohol	abarrotes	413.57	756.25
17/02/2025	03000	06000	10.13	tacos	comida	101.87	16.77
15/01/2025	06000	06000	6.65	super	abarrotes	534,92	77.93
26/01/2025	06000	03000	9.16	sushi	comida	328,72	45.91
20/01/2025	01000	05000	10.74	pizza	comida	218.35	37.14
04/02/2025	05000	06000	13.48	super	abarrotes	672.35	106.94
24/02/2025	05000	05000	14.27	sushi	comida	152.21	16.51
31/01/2025	06000	06000	6.89	tacos	comida	84.94	16.1
24/01/2025	05000	03000	9.91	sushi	comida	278.96	34.15
17/01/2025	05000	06000	3.49	pizza	comida	236,11	34.35
